Date,Open,High,Low,Close,Volume (BTC),Volume (Currency),Weighted Price
2018-07-01 00:00:00,6385.75,6438.55,6361.05,6368.37,377.32,2411761.05,6391.87
2018-07-01 01:00:00,6368.37,6376.9,6320.02,6355.3,438.37,2787892.29,6359.74
2018-07-01 02:00:00,6354.1,6360.25,6326.35,6343.49,176.82,1122553.59,6348.52
2018-07-01 03:00:00,6347.43,6367.54,6334.5,6343.5,108.92,691985.79,6353.18
2018-07-01 04:00:00,6343.51,6356.64,6332.64,6356.07,93.66,594136.22,6343.65
2018-07-01 05:00:00,6352.98,6397.21,6346.44,6371.8,107.03,681418.54,6366.84
2018-07-01 06:00:00,6370.86,6395.3,6347.57,6351.06,194.84,1242097.46,6374.98
2018-07-01 07:00:00,6360.52,6382.9,6359.51,6373.21,96.28,613392.8,6371.19
2018-07-01 08:00:00,6373.21,6383,6360,6383,74.73,475804.71,6366.85
2018-07-01 09:00:00,6383.4,6386.99,6331.93,6354.39,147.8,939820.61,6358.54
2018-07-01 10:00:00,6346.77,6380.07,6346.39,6375.72,75.72,481984.26,6365.67
2018-07-01 11:00:00,6373.19,6378.96,6360,6378.96,43.04,274133.52,6368.86
2018-07-01 12:00:00,6377.33,6384,6335.72,6346.98,189.84,1206679.29,6356.15
2018-07-01 13:00:00,6346.99,6365.18,6326,6348.04,160.82,1020928.35,6348.39
2018-07-01 14:00:00,6348.02,6348.68,6271.38,6293.9,404.88,2552042.17,6303.17
2018-07-01 15:00:00,6293.94,6325.8,6259.34,6315.68,245.59,1544816.44,6290.2
2018-07-01 16:00:00,6318.28,6326.88,6298.1,6314.47,96.09,606267.53,6309.2
2018-07-01 17:00:00,6314.47,6344.06,6307.45,6323.84,200.44,1268309.41,6327.76
2018-07-01 18:00:00,6323.84,6335.86,6307.97,6311.6,72.84,460300.74,6319.73
2018-07-01 19:00:00,6311.51,6324.31,6291.11,6320.77,61.02,384898.71,6307.93
2018-07-01 20:00:00,6314.86,6409.46,6303.99,6342.43,357.93,2278515.16,6365.85
2018-07-01 21:00:00,6342.53,6377.05,6333.63,6360.79,142.54,905085.37,6349.61
2018-07-01 22:00:00,6367.31,6390.58,6355.54,6366.99,105.3,670906.37,6371.49
2018-07-01 23:00:00,6366.66,6389.98,6334.21,6349.99,188.9,1201530.15,6360.59
2018-07-02 00:00:00,6345.48,6359.98,6308.45,6339.61,251.62,1593053.27,6331.3
2018-07-02 01:00:00,6340.12,6345.82,6317.22,6327.37,98.83,625704.19,6331.39
2018-07-02 02:00:00,6323.71,6342.78,6320.64,6335.08,78.91,499692.71,6332.44
2018-07-02 03:00:00,6330.42,6339.23,6317.6,6335.13,106.66,675049.08,6328.79
2018-07-02 04:00:00,6329.83,6333.52,6274.37,6305.67,298.53,1882006.64,6304.33
2018-07-02 05:00:00,6300.71,6310.85,6285.58,6297.07,165.07,1040294.67,6302.24
2018-07-02 06:00:00,6292.91,6322,6270.69,6307.68,172.99,1089413.24,6297.47
2018-07-02 07:00:00,6307.68,6349.47,6304.51,6330.41,329.92,2085910.76,6322.41
2018-07-02 08:00:00,6327.94,6361.32,6322,6335.45,397.94,2522184.35,6338.1
2018-07-02 09:00:00,6338.89,6339,6303.94,6317.99,182.64,1154052.49,6318.72
2018-07-02 10:00:00,6318.05,6352.88,6309.93,6326.1,329.57,2087995.89,6335.44
2018-07-02 11:00:00,6324.75,6351.36,6323.84,6335,323.55,2050751.96,6338.29
2018-07-02 12:00:00,6330.54,6344.99,6320.02,6332.99,156.59,991874.35,6334.06
2018-07-02 13:00:00,6331.08,6664,6327.36,6598.99,2760.21,18043916.24,6537.16
2018-07-02 14:00:00,6597.37,6639.9,6577.41,6605.39,968.69,6400628.98,6607.49
2018-07-02 15:00:00,6605.39,6636.67,6605,6610.94,262.64,1738717.7,6620.15
2018-07-02 16:00:00,6616.98,6626.6,6590.11,6602.93,329.88,2178071.17,6602.7
2018-07-02 17:00:00,6608.67,6624.74,6600,6605,165.71,1095278.35,6609.57
2018-07-02 18:00:00,6605,6633.64,6601.06,6629.07,204.69,1354423.1,6617
2018-07-02 19:00:00,6628.67,6667.57,6608.37,6615.84,381.94,2534867.46,6636.76
2018-07-02 20:00:00,6615.41,6630.53,6608.37,6619.01,158.69,1050172.62,6617.58
2018-07-02 21:00:00,6619.02,6657.95,6615,6637.16,143.52,951814.83,6631.81
2018-07-02 22:00:00,6633.9,6643.66,6608.26,6614.26,298.29,1974342.04,6618.86
2018-07-02 23:00:00,6614.28,6623.3,6593.86,6612.98,232.72,1536430.53,6602.17
2018-07-03 00:00:00,6605.46,6620.55,6592.33,6609.19,148.93,983365.37,6602.95
2018-07-03 01:00:00,6609.2,6616.36,6602.65,6612.02,103.48,683852.6,6608.55
2018-07-03 02:00:00,6616.26,6638.01,6607.91,6622.44,185.82,1229967.86,6619.19
2018-07-03 03:00:00,6617.11,6653.4,6615.33,6628.87,213.72,1417949.28,6634.46
2018-07-03 04:00:00,6628.87,6666,6620.5,6634.97,201.85,1340817.86,6642.75
2018-07-03 05:00:00,6639.21,6650.01,6624.79,6624.79,111.79,742260.84,6639.88
2018-07-03 06:00:00,6626.92,6643.37,6611.04,6643.37,173.8,1151698.03,6626.53
2018-07-03 07:00:00,6639.41,6650.31,6635,6644.77,210.07,1394940.49,6640.27
2018-07-03 08:00:00,6644.54,6644.8,6614.71,6633.07,160.96,1067208.99,6630.14
2018-07-03 09:00:00,6632.52,6645.39,6610.87,6615.92,138.96,920818.46,6626.27
2018-07-03 10:00:00,6615.22,6622.6,6533,6570.86,735.98,4836289.85,6571.19
2018-07-03 11:00:00,6571.99,6600,6553.72,6584.79,243.88,1604935.68,6580.83
2018-07-03 12:00:00,6576.41,6590.88,6565.61,6585.97,172.87,1137429.74,6579.69
2018-07-03 13:00:00,6585.97,6591.98,6548.83,6562.97,177.58,1165938.26,6565.67
2018-07-03 14:00:00,6569.99,6591.76,6552.69,6582.34,204.67,1345203.58,6572.56
2018-07-03 15:00:00,6579.07,6591.79,6570,6582.15,326.35,2147543.32,6580.53
2018-07-03 16:00:00,6583.14,6591.79,6572.23,6589.7,124.49,819945.93,6586.26
2018-07-03 17:00:00,6588.37,6588.89,6563.87,6586.9,162.16,1066791.59,6578.76
2018-07-03 18:00:00,6584.21,6585.74,6563.01,6572.88,121.37,798080.63,6575.37
2018-07-03 19:00:00,6574.1,6650,6546.49,6603.82,431.64,2849948.44,6602.67
2018-07-03 20:00:00,6608.97,6624.79,6590.91,6614.09,274.84,1817682.33,6613.53
2018-07-03 21:00:00,6616.58,6619.04,6589.65,6614.99,182.31,1204203.36,6605.34
2018-07-03 22:00:00,6613.32,6617.98,6464.39,6477.18,886.97,5784697.74,6521.87
2018-07-03 23:00:00,6476.4,6525.55,6464.39,6507.99,230.36,1495790.95,6493.15
2018-07-04 00:00:00,6507.99,6517.5,6451,6455.09,366.4,2374138.87,6479.63
2018-07-04 01:00:00,6455.08,6466.84,6413.2,6457.99,331.12,2131500.23,6437.21
2018-07-04 02:00:00,6457.93,6474.67,6440,6460.95,165.93,1071716.28,6458.87
2018-07-04 03:00:00,6469.03,6489.7,6457.25,6469.22,224.98,1456533.41,6473.95
2018-07-04 04:00:00,6471.24,6478.79,6462.11,6466.54,275.94,1785573.78,6470.8
2018-07-04 05:00:00,6471.01,6489.99,6456.2,6480.94,236.5,1529826.62,6468.56
2018-07-04 06:00:00,6480.94,6497.05,6457.66,6461.13,291.63,1887865.44,6473.47
2018-07-04 07:00:00,6461.34,6488,6457.52,6471.16,277.99,1800690.03,6477.49
2018-07-04 08:00:00,6473.93,6550,6468.15,6514.88,506.1,3297900.16,6516.25
2018-07-04 09:00:00,6508.05,6533.22,6485.74,6516.73,147.99,963207.66,6508.71
2018-07-04 10:00:00,6524.37,6534.9,6500.02,6501.01,122.49,798065.92,6515.11
2018-07-04 11:00:00,6501.01,6526.28,6489.93,6515.08,178.07,1158574.2,6506.4
2018-07-04 12:00:00,6525.3,6558.69,6513.18,6548.79,397.1,2596942.87,6539.81
2018-07-04 13:00:00,6548.79,6792.28,6539.86,6708.11,1163.69,7808889.3,6710.46
2018-07-04 14:00:00,6716.99,6719.63,6677.19,6694.59,264.2,1769645.99,6698.17
2018-07-04 15:00:00,6699.99,6707.72,6666.76,6684.41,137.41,918307.01,6683.08
2018-07-04 16:00:00,6682.22,6694.99,6650,6664,214.06,1427779.76,6669.91
2018-07-04 17:00:00,6665.15,6682.43,6660,6676.43,137.91,919574.77,6667.91
2018-07-04 18:00:00,6676.44,6698.99,6657.95,6668.7,145.87,974555.33,6680.82
2018-07-04 19:00:00,6668.33,6688.03,6658.08,6687.96,93.81,625896.87,6671.96
2018-07-04 20:00:00,6687.95,6696.99,6675.94,6687.45,162.65,1087916.35,6688.59
2018-07-04 21:00:00,6687.45,6690,6662.01,6689.89,133.99,895000.79,6679.41
2018-07-04 22:00:00,6687.99,6694.98,6542.59,6593.01,535.09,3536672.81,6609.52
2018-07-04 23:00:00,6593.9,6601.98,6558.95,6584.25,195.79,1287836.54,6577.52
2018-07-05 00:00:00,6575.62,6594.38,6510,6559.14,420.86,2754839.83,6545.8
2018-07-05 01:00:00,6552.76,6700,6549.54,6625.12,445.26,2952059.37,6630.04
2018-07-05 02:00:00,6625.11,6644.15,6586.34,6608.28,159.38,1053448.04,6609.84
2018-07-05 03:00:00,6596.73,6633.93,6596.37,6621.99,101.48,671494.34,6616.77
2018-07-05 04:00:00,6621.99,6639.96,6603.46,6618.71,153.09,1013526.41,6620.25
2018-07-05 05:00:00,6618.98,6666.95,6558.95,6600.28,589.09,3893231.52,6608.89
2018-07-05 06:00:00,6600.27,6613.5,6576.37,6595.63,221.66,1461681.12,6594.25
2018-07-05 07:00:00,6595.99,6624.77,6587.56,6609.13,354.17,2338901.11,6603.89
2018-07-05 08:00:00,6609.07,6624.79,6596.41,6622.98,213.2,1409923.82,6613.3
2018-07-05 09:00:00,6622.98,6648,6542.59,6633.1,488.13,3216738.98,6589.88
2018-07-05 10:00:00,6637.25,6650.92,6597.29,6635.99,320.68,2124282.16,6624.35
2018-07-05 11:00:00,6635.99,6691.28,6611.8,6618,440.82,2929138.01,6644.67
2018-07-05 12:00:00,6618.81,6662.97,6570,6636.12,455.87,3017920.88,6620.19
2018-07-05 13:00:00,6637.14,6672.9,6580,6601.44,365.4,2420374.83,6623.87
2018-07-05 14:00:00,6597,6614.02,6560.1,6584.11,292.81,1928781.35,6587.07
2018-07-05 15:00:00,6578.28,6615.2,6542.59,6605.64,335.62,2208245.06,6579.57
2018-07-05 16:00:00,6604.11,6640.68,6580.01,6585.89,201,1329306.53,6613.6
2018-07-05 17:00:00,6586.66,6599.57,6542.59,6564.96,375.52,2465735.22,6566.15
2018-07-05 18:00:00,6562.13,6590.58,6445.31,6489.2,759.51,4942957.65,6508.06
2018-07-05 19:00:00,6482.68,6531.05,6452.61,6506.64,414.66,2689509.91,6486.05
2018-07-05 20:00:00,6507.53,6519.86,6484.8,6511.09,259.08,1684226.11,6500.69
2018-07-05 21:00:00,6512.39,6512.39,6477.57,6498.96,96.29,624857.35,6489.47
2018-07-05 22:00:00,6495.52,6536.98,6484.08,6536.98,111.56,727176.42,6518.42
2018-07-05 23:00:00,6536.98,6558,6523.08,6533.69,117.07,765606.14,6539.51
2018-07-06 00:00:00,6533.69,6547.29,6524.41,6529.44,51.49,336501.47,6534.99
2018-07-06 01:00:00,6529.52,6529.52,6505,6513.1,119.69,779999.5,6516.94
2018-07-06 02:00:00,6513.16,6542.59,6513.16,6542.59,93.43,610405.33,6533.03
2018-07-06 03:00:00,6539.54,6542.29,6521.74,6529.5,43.17,281945.1,6531.6
2018-07-06 04:00:00,6525.99,6531.99,6482,6525,236.53,1538482.31,6504.4
2018-07-06 05:00:00,6525,6531.99,6499.3,6499.47,95.67,622703.64,6508.87
2018-07-06 06:00:00,6504.49,6510.9,6464,6470.29,365.42,2370200.21,6486.24
2018-07-06 07:00:00,6464.17,6499.77,6449.76,6489.18,377.98,2443848.63,6465.6
2018-07-06 08:00:00,6488.14,6537.02,6472.09,6507.2,277.6,1806630.59,6508
2018-07-06 09:00:00,6509.75,6519.37,6491.28,6499.46,202.85,1319824.08,6506.32
2018-07-06 10:00:00,6497.48,6549.15,6489.01,6529.52,199.66,1301877.6,6520.35
2018-07-06 11:00:00,6537.14,6546.5,6510,6524.24,114.03,744270.17,6526.89
2018-07-06 12:00:00,6530.46,6636.15,6524.34,6582.25,573.14,3777170.54,6590.36
2018-07-06 13:00:00,6582.28,6593.35,6532.41,6567.45,566.57,3715619.6,6558.06
2018-07-06 14:00:00,6567.01,6574.42,6549.68,6549.84,228.29,1497899.63,6561.43
2018-07-06 15:00:00,6561.51,6571.42,6545,6562.87,240.23,1576202.88,6561.29
2018-07-06 16:00:00,6565.67,6574,6548.93,6559.01,130.79,858229.47,6561.8
2018-07-06 17:00:00,6558.91,6630.24,6547.02,6601.75,347.92,2293536,6592.2
2018-07-06 18:00:00,6602.86,6620.36,6526.28,6563.73,551.99,3620221.84,6558.49
2018-07-06 19:00:00,6563.74,6581,6557.98,6567.12,140.85,925181.39,6568.57
2018-07-06 20:00:00,6564.61,6590.24,6560.02,6570.17,148.59,976486.22,6571.72
2018-07-06 21:00:00,6572.3,6591.79,6558.5,6591.79,43.88,288292.11,6570.33
2018-07-06 22:00:00,6582.27,6624.79,6565.05,6573.53,158.46,1043639.92,6586.33
2018-07-06 23:00:00,6571.93,6616.34,6569.41,6596.53,149.45,985393.98,6593.41
2018-07-07 00:00:00,6604.74,6608.95,6576.46,6592.58,66.21,436293.76,6590.04
2018-07-07 01:00:00,6592.58,6596.29,6558.95,6566.77,236.9,1556648.29,6571.01
2018-07-07 02:00:00,6569.67,6600.58,6564.01,6585.95,147.6,972117.32,6586.13
2018-07-07 03:00:00,6586.38,6605.04,6576.59,6595.62,188.39,1242108.37,6593.39
2018-07-07 04:00:00,6590.95,6617,6581.44,6598.78,202.86,1338904.82,6600.13
2018-07-07 05:00:00,6597.64,6609.9,6586.11,6593.39,156.44,1032134.37,6597.71
2018-07-07 06:00:00,6593.36,6594.8,6571.09,6580.48,112.54,741054.54,6585.08
2018-07-07 07:00:00,6580.77,6599.23,6570.5,6595.45,207.96,1369101.61,6583.6
2018-07-07 08:00:00,6598.84,6604.02,6573.27,6574.65,152.7,1005634.72,6585.55
2018-07-07 09:00:00,6574.4,6586.99,6566.31,6578.04,146.13,961184.55,6577.52
2018-07-07 10:00:00,6578.04,6593.71,6562.94,6586.96,131.63,866237.05,6581.05
2018-07-07 11:00:00,6583.08,6591.39,6568.47,6585,114.19,751510.46,6581.13
2018-07-07 12:00:00,6585,6614.69,6543.13,6565.17,296.78,1950923.45,6573.69
2018-07-07 13:00:00,6562,6562,6510,6526.52,296.82,1939620.37,6534.72
2018-07-07 14:00:00,6526.54,6591.79,6524.04,6560.44,165.38,1085532.1,6563.81
2018-07-07 15:00:00,6569.8,6573.9,6542.59,6565.13,28.81,188861.64,6555.65
2018-07-07 16:00:00,6566.69,6571.65,6545,6558.12,97.35,637560.48,6549.2
2018-07-07 17:00:00,6563.99,6563.99,6534.89,6544.12,129.76,849436.56,6546.42
2018-07-07 18:00:00,6548.5,6563.74,6526.28,6548.11,73.44,480129.57,6537.78
2018-07-07 19:00:00,6554.6,6558.6,6538.1,6541.45,89.53,586450.78,6550.08
2018-07-07 20:00:00,6541.45,6544.98,6510,6517.66,154.73,1009890.6,6526.88
2018-07-07 21:00:00,6529,6545.29,6520,6530.12,38.14,249008.16,6529.43
2018-07-07 22:00:00,6530.12,6581.47,6520.23,6579.33,246.24,1614069.87,6554.93
2018-07-07 23:00:00,6575.65,6820,6570.22,6759.99,1362.3,9174712.69,6734.73
2018-07-08 00:00:00,6755.46,6783.54,6720.2,6742.02,482.7,3256822.27,6747.03
2018-07-08 01:00:00,6741.99,6753,6723.55,6734.04,161.01,1084076.81,6732.84
2018-07-08 02:00:00,6729.71,6749.99,6715.78,6743,148.83,1002561.6,6736.15
2018-07-08 03:00:00,6738.62,6750.48,6715.01,6718.99,70.87,477064.1,6731.47
2018-07-08 04:00:00,6716.22,6728.8,6711.16,6717.13,69.95,470067.16,6719.71
2018-07-08 05:00:00,6720.25,6744,6716.24,6736.1,224.89,1513935.01,6731.81
2018-07-08 06:00:00,6730,6740.82,6725.99,6730.22,188.46,1268906.47,6732.98
2018-07-08 07:00:00,6732.68,6744.06,6728.65,6737.59,139.38,938907.34,6736.25
2018-07-08 08:00:00,6737.66,6744.46,6720.67,6728.85,98.72,664730.01,6733.72
2018-07-08 09:00:00,6728.99,6740.88,6723.5,6740,127.71,860179.51,6735.65
2018-07-08 10:00:00,6731.36,6740,6715.22,6725.04,175.11,1178306.8,6729.03
2018-07-08 11:00:00,6721.32,6739,6715.88,6738.99,218.3,1468444.05,6726.83
2018-07-08 12:00:00,6731.46,6765.03,6711.19,6728.02,189.92,1279913.42,6739.09
2018-07-08 13:00:00,6728.03,6749.37,6708.97,6740.52,411.36,2771675.55,6737.78
2018-07-08 14:00:00,6740.51,6760.01,6721.57,6749.49,417.74,2815582.71,6739.98
2018-07-08 15:00:00,6755.99,6775.21,6736.52,6748.21,307.93,2080377.15,6755.96
2018-07-08 16:00:00,6739.14,6760.74,6738.18,6744.9,88.4,596611.1,6748.83
2018-07-08 17:00:00,6746.46,6765.24,6737.77,6747.96,121.47,820125.11,6751.55
2018-07-08 18:00:00,6748.31,6761.85,6737.14,6749.41,165.14,1115071.88,6752.2
2018-07-08 19:00:00,6749.42,6765.88,6736.8,6760.98,153.15,1034180.09,6752.74
2018-07-08 20:00:00,6761.02,6769.34,6738.99,6741.08,389.86,2635758.27,6760.86
2018-07-08 21:00:00,6739.02,6751.93,6735.84,6748.01,110.37,744196.08,6742.92
2018-07-08 22:00:00,6751.23,6757.94,6733.43,6750.99,155.3,1047777.45,6746.71
2018-07-08 23:00:00,6745.22,6749.55,6674.6,6706.6,529.26,3548705.53,6705.09
2018-07-09 00:00:00,6706.6,6726.71,6687.61,6720.03,139.43,935761.15,6711.23
2018-07-09 01:00:00,6714.85,6716.98,6691.28,6701.51,135.21,906070.97,6701.11
2018-07-09 02:00:00,6701.28,6712.17,6686.79,6702.9,180.89,1212036.57,6700.26
2018-07-09 03:00:00,6699.61,6722.28,6697.48,6709.14,276.8,1857869.69,6711.84
2018-07-09 04:00:00,6711.44,6726.36,6695.87,6697.99,577.97,3879415.96,6712.13
2018-07-09 05:00:00,6698.77,6703.97,6691.28,6700.15,262.03,1755120.64,6698.23
2018-07-09 06:00:00,6701.96,6730.91,6699.64,6712.49,542.86,3645887.98,6716.07
2018-07-09 07:00:00,6710.57,6742.8,6703.01,6726.09,343.59,2308972.45,6720.19
2018-07-09 08:00:00,6726.09,6737.67,6708.17,6722.57,277.88,1868103.37,6722.78
2018-07-09 09:00:00,6723.79,6726.17,6662.88,6690.03,534.25,3577529.19,6696.38
2018-07-09 10:00:00,6690.02,6708.01,6678.11,6687.02,360.91,2415818.11,6693.74
2018-07-09 11:00:00,6691.01,6752.26,6690.03,6725.15,402.85,2706224.21,6717.78
2018-07-09 12:00:00,6725.15,6727.99,6703.12,6706.08,365.5,2453999.35,6714.06
2018-07-09 13:00:00,6706.9,6739.62,6703.13,6729.46,139.09,934858.09,6721.3
2018-07-09 14:00:00,6728.91,6728.97,6708.45,6726.15,114.49,769413.99,6720.11
2018-07-09 15:00:00,6726.15,6740.81,6711.78,6715.99,211.04,1419436.67,6725.84
2018-07-09 16:00:00,6721.79,6721.79,6657.01,6700.09,286.73,1919333.98,6693.84
2018-07-09 17:00:00,6700.12,6712.56,6666.86,6689.2,314.05,2101567.62,6691.9
2018-07-09 18:00:00,6690.41,6708.16,6682.47,6693.84,105.26,704803.67,6695.71
2018-07-09 19:00:00,6692.72,6716.67,6691.36,6706.79,86.21,577881.12,6703.45
2018-07-09 20:00:00,6707.04,6711.96,6691.28,6691.91,85.69,573880.35,6697.16
2018-07-09 21:00:00,6694.11,6724.78,6690,6724.78,72.86,488424.47,6703.87
2018-07-09 22:00:00,6724.77,6814.72,6674.6,6702.37,853.32,5743577.04,6730.88
2018-07-09 23:00:00,6701.87,6705.63,6620,6666.75,496.31,3302480.36,6654.02
2018-07-10 00:00:00,6666.75,6683.9,6635.59,6669.73,281.73,1875693.72,6657.7
2018-07-10 01:00:00,6662.44,6674.6,6647,6647,174.1,1160103.29,6663.38
2018-07-10 02:00:00,6652.52,6662.82,6621.99,6632.53,231.41,1536936.22,6641.7
2018-07-10 03:00:00,6631.17,6655.48,6625.54,6635.92,120.38,799154.77,6638.52
2018-07-10 04:00:00,6632.81,6651.06,6627.64,6640.57,94,624289.31,6641.32
2018-07-10 05:00:00,6640.12,6653.46,6620,6620.1,133.22,883912.06,6635.05
2018-07-10 06:00:00,6626.7,6628.5,6561.38,6597.85,715.13,4715779.85,6594.28
2018-07-10 07:00:00,6597.9,6616.37,6586.03,6605.66,208.42,1375495.37,6599.61
2018-07-10 08:00:00,6605.66,6622.9,6579.01,6587.97,167.93,1108556.67,6601.3
2018-07-10 09:00:00,6587.97,6597.88,6434.49,6450.34,1180.06,7674377.9,6503.35
2018-07-10 10:00:00,6450.99,6479.98,6425,6475.39,665.34,4292149.79,6451.04
2018-07-10 11:00:00,6472.94,6474.95,6298.95,6365.03,1393.7,8882928.43,6373.63
2018-07-10 12:00:00,6361.74,6380.33,6333.43,6371.8,399.54,2539600.16,6356.25
2018-07-10 13:00:00,6371.8,6400,6354.89,6388.58,442.86,2825502.74,6380.06
2018-07-10 14:00:00,6385.02,6392.94,6341.64,6378.05,420.65,2677103.57,6364.16
2018-07-10 15:00:00,6379.12,6391.52,6363.8,6385,152.02,969397.62,6376.82
2018-07-10 16:00:00,6386.19,6410.18,6333.63,6357.31,331.58,2113111.52,6372.93
2018-07-10 17:00:00,6356,6379.71,6334.89,6364.99,196.25,1248479.3,6361.61
2018-07-10 18:00:00,6364.94,6386.05,6358.64,6373.21,153.57,979101.72,6375.5
2018-07-10 19:00:00,6376.69,6377.72,6356.56,6373.75,237.2,1510212.41,6366.89
2018-07-10 20:00:00,6375.65,6400.99,6370,6388.59,304.55,1944997.16,6386.45
2018-07-10 21:00:00,6390.6,6407.51,6370,6373.9,151.16,965860.84,6389.77
2018-07-10 22:00:00,6370.01,6389.9,6350,6371.57,267.89,1705861.7,6367.8
2018-07-10 23:00:00,6371.57,6373.3,6270.84,6299.46,740.31,4671005.1,6309.5
2018-07-11 00:00:00,6304.45,6400,6288.43,6387.73,556.72,3536902.36,6353.06
2018-07-11 01:00:00,6387.39,6396.99,6354.25,6367.45,202.14,1289045.41,6377.03
2018-07-11 02:00:00,6367.85,6375.2,6351.93,6363.77,194.65,1238376.47,6362.12
2018-07-11 03:00:00,6361.98,6374.55,6333.63,6333.75,224.16,1424822.5,6356.38
2018-07-11 04:00:00,6335.95,6365.28,6319.64,6347.12,214.86,1362978.77,6343.43
2018-07-11 05:00:00,6347.18,6349,6290.07,6337.94,496.78,3142247.09,6325.29
2018-07-11 06:00:00,6339.77,6349,6285,6310.75,370.21,2334908.39,6307.04
2018-07-11 07:00:00,6307.01,6365.34,6306.66,6348.35,292.43,1852064.62,6333.38
2018-07-11 08:00:00,6348.43,6375.12,6343.37,6367.25,183.88,1169387.44,6359.53
2018-07-11 09:00:00,6368.14,6376.07,6320,6341.93,180.38,1144051.15,6342.6
2018-07-11 10:00:00,6338.73,6352.76,6320.68,6346.74,98.7,625785.95,6340.06
2018-07-11 11:00:00,6346.74,6397.21,6341.23,6374.5,311.06,1982035.1,6371.9
2018-07-11 12:00:00,6377.08,6388.67,6349.93,6369.94,162.46,1033356.18,6360.66
2018-07-11 13:00:00,6370.33,6396.26,6359.86,6372.31,414.21,2642648.72,6380.02
2018-07-11 14:00:00,6370.4,6373.55,6336.5,6364.74,213.19,1354805,6354.84
2018-07-11 15:00:00,6364.74,6369.65,6350,6361.51,196.35,1248900.09,6360.68
2018-07-11 16:00:00,6362.04,6364.94,6326.76,6345.93,177.23,1124136.88,6342.79
2018-07-11 17:00:00,6342.72,6371.45,6341.37,6351.79,194.5,1236655.99,6358.09
2018-07-11 18:00:00,6353.73,6359.56,6337.44,6342.96,107.86,684711.31,6348.41
2018-07-11 19:00:00,6342.97,6354.19,6291,6350,986.73,6231532.37,6315.33
2018-07-11 20:00:00,6352.99,6370,6345.76,6356.48,126.46,804221.55,6359.53
2018-07-11 21:00:00,6350.85,6378.47,6345,6361.93,259.1,1646353.87,6354.12
2018-07-11 22:00:00,6362.36,6381.25,6356.74,6368.78,81.54,519278.69,6368.23
2018-07-11 23:00:00,6369.49,6381.25,6361.83,6380,124.55,793560.22,6371.51
2018-07-12 00:00:00,6379.13,6380,6347.72,6365.43,141.5,900280.85,6362.32
2018-07-12 01:00:00,6365.24,6371.8,6324.48,6327.94,141.3,896772.74,6346.8
2018-07-12 02:00:00,6328.4,6348.45,6302.18,6326.98,162.37,1026431.72,6321.37
2018-07-12 03:00:00,6327.49,6343.22,6327.49,6339.5,58.62,371327.65,6334.79
2018-07-12 04:00:00,6342.22,6344.57,6328,6333.05,74.75,473450.28,6333.6
2018-07-12 05:00:00,6333.05,6335.55,6305,6329.57,130.84,827194.5,6322.39
2018-07-12 06:00:00,6329.9,6334.74,6177.45,6217.63,1211.64,7536289.75,6219.89
2018-07-12 07:00:00,6217.03,6223.14,6131.35,6180.5,758.15,4677685.75,6169.89
2018-07-12 08:00:00,6180.46,6200.82,6085.59,6200.82,1090.25,6719480.12,6163.23
2018-07-12 09:00:00,6200.23,6205,6175.01,6185.82,289.87,1794667.77,6191.34
2018-07-12 10:00:00,6185.4,6187.99,6157.03,6175.18,212.3,1310453.07,6172.68
2018-07-12 11:00:00,6174.5,6182.13,6144.35,6162.41,261.02,1608275.15,6161.49
2018-07-12 12:00:00,6167.17,6191.99,6155,6180.31,246.37,1522744.15,6180.8
2018-07-12 13:00:00,6180.3,6183.99,6170.99,6182.99,258.89,1599120.65,6176.86
2018-07-12 14:00:00,6182.98,6199.57,6173.5,6180.97,275,1700530.69,6183.74
2018-07-12 15:00:00,6178.59,6182.55,6159.01,6169.51,166.21,1025666.81,6171.06
2018-07-12 16:00:00,6168.44,6192.89,6166.78,6181.23,342.08,2115989.77,6185.57
2018-07-12 17:00:00,6184.08,6189,6167.64,6179.12,168.14,1039237.28,6180.8
2018-07-12 18:00:00,6179.12,6185,6165.22,6173.99,103.57,639670.03,6175.97
2018-07-12 19:00:00,6171.06,6180.17,6150.43,6174.76,148.79,916929.71,6162.66
2018-07-12 20:00:00,6179.38,6187.42,6166.91,6173.05,120.99,747520.42,6178.32
2018-07-12 21:00:00,6170.03,6176.66,6153.52,6171.68,81.22,500729.79,6165.18
2018-07-12 22:00:00,6171.94,6173.61,6110.08,6149.11,309.59,1901284.59,6141.24
2018-07-12 23:00:00,6149.11,6267.31,6072,6243.88,1039.01,6412278.5,6171.54
2018-07-13 00:00:00,6243.53,6284.05,6214.94,6236.88,466.27,2910899.5,6242.95
2018-07-13 01:00:00,6236.88,6249.82,6231.94,6232.71,114.45,714175.12,6240.06
2018-07-13 02:00:00,6232.88,6254.67,6228.76,6242.9,187.3,1168928.22,6240.78
2018-07-13 03:00:00,6242.89,6252.93,6236.55,6249.87,139.55,871611.63,6245.87
2018-07-13 04:00:00,6248.2,6264.75,6236.01,6245.68,219.95,1375165.61,6252.05
2018-07-13 05:00:00,6245.68,6256.75,6229.16,6244.39,242.49,1513210.93,6240.33
2018-07-13 06:00:00,6243.18,6247.98,6212.21,6230.01,184.38,1148580.47,6229.37
2018-07-13 07:00:00,6230.4,6253.9,6229.38,6249.19,236.18,1474017.93,6241.07
2018-07-13 08:00:00,6247.92,6250,6229.1,6233.96,128.9,804393.43,6240.51
2018-07-13 09:00:00,6232.96,6245.47,6230,6234.85,154.3,962281.91,6236.38
2018-07-13 10:00:00,6234.85,6245.87,6226.18,6234.22,94.38,588479.19,6234.96
2018-07-13 11:00:00,6232,6248.99,6228.08,6241.75,62.82,391997.33,6239.99
2018-07-13 12:00:00,6240.4,6286.36,6238,6269.06,423.94,2655456.13,6263.71
2018-07-13 13:00:00,6272.4,6275.68,6228.67,6244.01,394,2460513.08,6244.91
2018-07-13 14:00:00,6237.15,6264.35,6224.15,6245.99,255.99,1599106.41,6246.84
2018-07-13 15:00:00,6245.99,6259.88,6237,6259.88,195.93,1224745.98,6250.85
2018-07-13 16:00:00,6259.88,6268.05,6240.81,6254.99,211.09,1319500.19,6250.89
2018-07-13 17:00:00,6254.99,6267.99,6247.11,6264.94,97.84,612655.54,6261.49
2018-07-13 18:00:00,6264.91,6337.25,6226.99,6237.5,571.75,3589882.19,6278.74
2018-07-13 19:00:00,6237.5,6245.78,6166.44,6174.99,521.21,3228298.36,6193.86
2018-07-13 20:00:00,6177.35,6227.63,6121.01,6186.39,612.28,3779623.53,6173.07
2018-07-13 21:00:00,6185.5,6229,6180.01,6215.85,125.81,780174.87,6201.03
2018-07-13 22:00:00,6211.37,6225.39,6190.26,6219.58,123.72,767545.63,6203.98
2018-07-13 23:00:00,6219.99,6248.94,6196,6215.59,136.74,850825.64,6222.18
2018-07-14 00:00:00,6208.78,6273.97,6208.78,6237.99,219.37,1370473.06,6247.36
2018-07-14 01:00:00,6237.98,6277.72,6214.11,6234.38,171.24,1069456.99,6245.48
2018-07-14 02:00:00,6231.23,6240,6219.1,6225.99,56.15,349888.49,6231.12
2018-07-14 03:00:00,6226.86,6227.67,6193.5,6206.99,94.03,583969.64,6210.44
2018-07-14 04:00:00,6203.33,6224.8,6200.03,6216.99,66.12,411019.51,6216.26
2018-07-14 05:00:00,6218.51,6233.38,6210.57,6220.53,78.19,486424.82,6221.01
2018-07-14 06:00:00,6220.53,6230.1,6201.97,6212.81,75.07,466915.22,6219.61
2018-07-14 07:00:00,6212.92,6225,6204.91,6220.06,95.79,595704.78,6218.71
2018-07-14 08:00:00,6221.8,6225,6203.79,6216.2,98.38,611258.48,6213.23
2018-07-14 09:00:00,6216.2,6219.54,6180,6195.32,130.22,807423.98,6200.53
2018-07-14 10:00:00,6203.99,6223.48,6195.73,6220.48,39.45,244914.76,6208.26
2018-07-14 11:00:00,6220.48,6239.45,6215.79,6233,42.5,264821.93,6230.39
2018-07-14 12:00:00,6231.13,6242.21,6224.63,6236.12,82.37,513436.44,6233.32
2018-07-14 13:00:00,6235.76,6240.92,6222.8,6237,32.42,201957.74,6230.31
2018-07-14 14:00:00,6231.95,6244.43,6226.23,6238.2,48.81,304512.55,6238.15
2018-07-14 15:00:00,6238.2,6240,6216.18,6239.99,47.57,296455.69,6232.4
2018-07-14 16:00:00,6239.55,6270.69,6239.55,6262,133.93,838019.93,6257.19
2018-07-14 17:00:00,6262.99,6270.59,6248.74,6255.49,259.41,1624071.38,6260.75
2018-07-14 18:00:00,6259.54,6298,6229.48,6237.68,68.14,426747.86,6263.26
2018-07-14 19:00:00,6239.99,6269.53,6200.01,6267.99,146.93,916476.48,6237.62
2018-07-14 20:00:00,6269.53,6317.84,6205.47,6270.31,425.57,2664428.61,6260.89
2018-07-14 21:00:00,6270.3,6286.37,6257.13,6265.61,54.81,343757.75,6271.9
2018-07-14 22:00:00,6265.07,6277.9,6238.48,6246.57,63.91,399501.47,6251.16
2018-07-14 23:00:00,6250.99,6261.06,6238.56,6243.98,54.37,339748.71,6248.71
2018-07-15 00:00:00,6245.99,6255.86,6227.76,6243.42,63.46,396208.02,6243.29
2018-07-15 01:00:00,6243.42,6247.97,6227.94,6243.93,36.89,230131.13,6237.71
2018-07-15 02:00:00,6238.55,6250.64,6232.06,6249.61,38.61,240983.43,6241.39
2018-07-15 03:00:00,6249.61,6252.85,6235.12,6248.6,175.88,1097749.25,6241.44
2018-07-15 04:00:00,6248.6,6277.28,6248.6,6266.27,77.26,484027.1,6264.99
2018-07-15 05:00:00,6266.16,6280.41,6258.72,6275.95,46.05,288836.56,6271.58
2018-07-15 06:00:00,6278.82,6283.57,6266.26,6274.99,86.17,540629.42,6274.09
2018-07-15 07:00:00,6270.26,6279.5,6256.5,6277,22,137960.07,6269.68
2018-07-15 08:00:00,6277,6349.47,6267.31,6311.47,299.95,1891954.57,6307.52
2018-07-15 09:00:00,6305.67,6330.99,6296.72,6302.99,199.63,1260251.48,6313.01
2018-07-15 10:00:00,6303.85,6384.47,6303.85,6336,508.32,3225731.02,6345.81
2018-07-15 11:00:00,6332.99,6359.81,6325.96,6353.01,357.15,2268610.84,6351.93
2018-07-15 12:00:00,6353.01,6360.89,6324.21,6329.26,91.99,583242.7,6340.15
2018-07-15 13:00:00,6329.26,6351.86,6322.03,6346.39,95.97,608211.19,6337.78
