Timestamp,Open,High,Low,Close,Volume (BTC),Volume (Currency),Weighted Price
2018-06-01 00:00:00,7492.28,7538.23,7484.46,7506.67,300.32,2255034.8,7508.79
2018-06-01 01:00:00,7506.62,7507.6,7474.7,7492.24,112.12,840220.68,7494.26
2018-06-01 02:00:00,7492.09,7522.7,7479.63,7492.96,184.35,1383157.8,7502.83
2018-06-01 03:00:00,7487.19,7506.36,7452.35,7493.29,186.06,1392337.88,7483.27
2018-06-01 04:00:00,7494.75,7496.59,7469.47,7489.3,129.95,972777.27,7485.86
2018-06-01 05:00:00,7489.56,7501.37,7482.57,7491.64,170.05,1274345.71,7494.08
2018-06-01 06:00:00,7491.64,7581.03,7485.28,7547.99,616.14,4649058.42,7545.43
2018-06-01 07:00:00,7547.99,7620.01,7540.71,7575.94,682.03,5177271.53,7591
2018-06-01 08:00:00,7566.11,7595,7552.7,7593.99,216.93,1642801.7,7572.84
2018-06-01 09:00:00,7595,7605.32,7516.47,7536.77,421.28,3183182.39,7555.89
2018-06-01 10:00:00,7536.77,7559.58,7521.67,7545.99,145.6,1097612.49,7538.52
2018-06-01 11:00:00,7551.65,7567.56,7348.45,7359.99,848.33,6307483.62,7435.16
2018-06-01 12:00:00,7358.77,7418.99,7350.28,7412.18,697.07,5151775.32,7390.57
2018-06-01 13:00:00,7406.82,7430,7388.23,7427.52,183.75,1361674.89,7410.65
2018-06-01 14:00:00,7424.99,7443.92,7409,7422.05,224.45,1666672.3,7425.52
2018-06-01 15:00:00,7417.5,7450,7383.45,7436.55,339.48,2520356.59,7424.12
2018-06-01 16:00:00,7436.5,7454.05,7424.57,7438.99,177.64,1321438.69,7439.01
2018-06-01 17:00:00,7434.3,7452.28,7398.36,7427.95,210.74,1564192.94,7422.22
2018-06-01 18:00:00,7421.32,7431.98,7388.32,7398.99,200.99,1490073.64,7413.57
2018-06-01 19:00:00,7399.98,7450,7397.07,7436.58,133.29,990532.18,7431.27
2018-06-01 20:00:00,7436.69,7449.93,7394.4,7434.11,216.96,1610705.81,7424.04
2018-06-01 21:00:00,7438.98,7450,7426.58,7435.08,52.52,390677.19,7438.01
2018-06-01 22:00:00,7435.08,7521.99,7428.28,7517.29,212.42,1591179.94,7490.75
2018-06-01 23:00:00,7518.99,7542.85,7502.09,7511.6,100.14,753390.89,7523.12
2018-06-02 00:00:00,7511.72,7531.83,7438.92,7468.3,239.36,1793988.98,7494.98
2018-06-02 01:00:00,7468.1,7497.01,7457.39,7482.3,54.79,410162.41,7486.73
2018-06-02 02:00:00,7484.99,7508.67,7475.12,7488.79,105.93,793561.13,7491.06
2018-06-02 03:00:00,7486.42,7511.61,7481.12,7491.21,91.01,681931.52,7492.93
2018-06-02 04:00:00,7491.79,7500.99,7478.39,7479.39,135.93,1018043.02,7489.6
2018-06-02 05:00:00,7483.95,7539,7482.59,7522.32,243.48,1829083.19,7512.28
2018-06-02 06:00:00,7520.45,7676.27,7462.18,7660,797.41,6038184.05,7572.22
2018-06-02 07:00:00,7652.09,7700,7636.75,7649.19,288.89,2213762.71,7663.07
2018-06-02 08:00:00,7646.01,7696.98,7642,7649.29,196.64,1507680.17,7667.03
2018-06-02 09:00:00,7645.15,7664.9,7620.02,7656.27,132.99,1015939.64,7639.17
2018-06-02 10:00:00,7659.99,7671.11,7641.34,7652.98,98.94,757413.17,7654.94
2018-06-02 11:00:00,7652.98,7663.59,7601,7639.97,155.47,1185936.6,7628.09
2018-06-02 12:00:00,7639.99,7646.63,7620,7630.63,178.64,1363338.03,7631.93
2018-06-02 13:00:00,7629.98,7653.37,7620.9,7631.98,134.49,1027235.02,7638.18
2018-06-02 14:00:00,7631.9,7643.68,7620,7642.6,124.75,951494.27,7627.16
2018-06-02 15:00:00,7641.82,7676.29,7581.03,7620.52,360.79,2750616.44,7623.85
2018-06-02 16:00:00,7620.5,7641.4,7594.82,7627.48,119.26,908661.83,7619.17
2018-06-02 17:00:00,7627.48,7648.2,7616.66,7623.49,111.05,847550.1,7632.23
2018-06-02 18:00:00,7629.97,7657.94,7623,7645.58,151,1154154.53,7643.45
2018-06-02 19:00:00,7645.59,7673.8,7644.36,7659.65,107.52,823554.36,7659.23
2018-06-02 20:00:00,7659.62,7659.99,7611.61,7611.61,82.03,626410.23,7636.49
2018-06-02 21:00:00,7613.29,7649.9,7611.62,7621,49.41,377064.51,7631.98
2018-06-02 22:00:00,7624.96,7632.43,7611.61,7623,27.03,205959.17,7620.52
2018-06-02 23:00:00,7623,7648.62,7623,7642,25.37,193680.19,7635.52
2018-06-03 00:00:00,7642,7660.52,7629.77,7646.38,65.29,499328.83,7648.07
2018-06-03 01:00:00,7652.98,7664.63,7620.1,7636.83,62.2,475490.09,7645.09
2018-06-03 02:00:00,7636.83,7647.24,7581.03,7638.72,233.63,1778157.61,7611.08
2018-06-03 03:00:00,7642.74,7654.36,7612.22,7643.98,536.66,4095689.67,7631.77
2018-06-03 04:00:00,7643.98,7646.91,7617.42,7634.07,131.55,1003808.28,7630.73
2018-06-03 05:00:00,7641.98,7661.66,7630.29,7647.72,151.49,1158386.75,7646.65
2018-06-03 06:00:00,7647.72,7790.69,7628.03,7723.65,673.56,5203761.99,7725.81
2018-06-03 07:00:00,7722.13,7734.31,7704.48,7707.05,131.56,1015332.34,7717.69
2018-06-03 08:00:00,7707.05,7763.62,7702.73,7738.98,180.31,1394362.24,7733.05
2018-06-03 09:00:00,7738.98,7749.92,7722.01,7741.99,86.05,665650.37,7735.51
2018-06-03 10:00:00,7741.99,7746,7687.21,7690.03,245.74,1898021.59,7723.6
2018-06-03 11:00:00,7690.03,7727.03,7690.03,7706.61,71.18,548890.21,7710.87
2018-06-03 12:00:00,7706.61,7722.3,7685.22,7717.4,123.71,953087.24,7704.43
2018-06-03 13:00:00,7717.38,7747.6,7710.21,7724.06,322.39,2492209.23,7730.41
2018-06-03 14:00:00,7724.99,7726.8,7689.76,7716.53,140.15,1080311.41,7708.11
2018-06-03 15:00:00,7716.53,7728.13,7701.6,7716.82,143.96,1110483.07,7713.6
2018-06-03 16:00:00,7716.36,7730.99,7700.7,7708.58,95.52,736823.97,7714.01
2018-06-03 17:00:00,7705.24,7708.65,7676.27,7694.11,123.67,950764.59,7688.04
2018-06-03 18:00:00,7698.99,7703.15,7667.02,7675.99,120.76,927669.2,7681.68
2018-06-03 19:00:00,7682.94,7724.3,7643.06,7709.25,398.02,3058810.04,7685.03
2018-06-03 20:00:00,7701.37,7731.45,7688.38,7723.99,215.42,1661440.44,7712.5
2018-06-03 21:00:00,7723.99,7725.95,7667.5,7689.27,179.18,1378831.43,7695.25
2018-06-03 22:00:00,7681.6,7709.9,7681.6,7705.58,208.52,1605707.65,7700.65
2018-06-03 23:00:00,7709.9,7712.86,7685.3,7703.67,88.69,683178.53,7702.82
2018-06-04 00:00:00,7712.97,7764.44,7703.9,7707,260.56,2014673.58,7732.09
2018-06-04 01:00:00,7704.72,7715,7650,7702.11,289.35,2226159.58,7693.58
2018-06-04 02:00:00,7704.16,7706.41,7666.22,7682.99,248.76,1912367.3,7687.51
2018-06-04 03:00:00,7676.83,7705,7676.81,7691.38,80.7,620708.69,7691.44
2018-06-04 04:00:00,7693.99,7703.71,7683.79,7699.45,154.68,1190418.94,7696.1
2018-06-04 05:00:00,7691.95,7699.99,7594.75,7661.95,334.12,2553731.04,7643.13
2018-06-04 06:00:00,7660.8,7664.9,7551,7577.5,495.49,3772389.41,7613.44
2018-06-04 07:00:00,7571.77,7624.8,7571.77,7617.04,429.82,3270264.39,7608.39
2018-06-04 08:00:00,7616.44,7617.34,7570.39,7609.86,361.94,2749139.85,7595.49
2018-06-04 09:00:00,7609.48,7620,7576.6,7617.31,202.47,1537596.99,7594.37
2018-06-04 10:00:00,7617.99,7624.45,7589.85,7600,163.5,1243894.48,7607.87
2018-06-04 11:00:00,7599.99,7601.64,7486.98,7509.03,800.31,6026565.96,7530.25
2018-06-04 12:00:00,7518.99,7537.69,7506.71,7526.3,247.92,1865567.26,7524.76
2018-06-04 13:00:00,7534.99,7539.2,7493.32,7497.65,267.25,2007433.57,7511.54
2018-06-04 14:00:00,7497.65,7507.38,7456.06,7489.98,690.21,5164401.15,7482.34
2018-06-04 15:00:00,7480.81,7514.44,7479.88,7505,303.73,2278083.05,7500.45
2018-06-04 16:00:00,7505.1,7511.99,7479.88,7488.91,182.08,1364947.41,7496.5
2018-06-04 17:00:00,7489.99,7494.99,7449.68,7485.89,300.36,2243916.02,7470.75
2018-06-04 18:00:00,7483,7505,7472,7503.75,162.79,1218257.93,7483.75
2018-06-04 19:00:00,7496.75,7518.16,7482.12,7499.99,213.17,1598904.14,7500.62
2018-06-04 20:00:00,7499.99,7530,7485.99,7529,162.67,1222056.14,7512.49
2018-06-04 21:00:00,7528.99,7543.27,7520.15,7543.09,192.99,1453846.26,7533.12
2018-06-04 22:00:00,7537,7541.97,7494.83,7505.28,127.28,956107.43,7511.66
2018-06-04 23:00:00,7503.44,7505,7451.17,7488.26,318.39,2382776.79,7483.93
2018-06-05 00:00:00,7494.99,7503.75,7482.75,7499.88,187.61,1406176.06,7495.05
2018-06-05 01:00:00,7499.88,7505,7472.02,7487.88,278.88,2089824.64,7493.6
2018-06-05 02:00:00,7482.75,7491.62,7382.52,7405.39,623.16,4626421.64,7424.14
2018-06-05 03:00:00,7405.39,7423.69,7380.84,7408.41,199.57,1477753.84,7404.54
2018-06-05 04:00:00,7408.42,7431.13,7364,7375.74,249.51,1846527.79,7400.68
2018-06-05 05:00:00,7384.38,7435.99,7373.95,7426.83,136.42,1010036.54,7403.83
2018-06-05 06:00:00,7426.84,7455,7411.31,7427.23,343.31,2552810.06,7435.88
2018-06-05 07:00:00,7427.21,7436,7386.7,7407.69,414.5,3071125.79,7409.21
2018-06-05 08:00:00,7408.29,7475.03,7408.29,7455.47,776,5774750.55,7441.7
2018-06-05 09:00:00,7461.82,7462,7420.21,7424.38,251.89,1873144.23,7436.33
2018-06-05 10:00:00,7420.84,7445.34,7411.15,7421.92,276.33,2053276.29,7430.48
2018-06-05 11:00:00,7421.92,7467.34,7405.03,7418.67,656.56,4876939.24,7427.99
2018-06-05 12:00:00,7418.67,7442.89,7406.76,7414.23,346.77,2574617.1,7424.57
2018-06-05 13:00:00,7414.31,7429.99,7360,7392.39,533.41,3948435.8,7402.26
2018-06-05 14:00:00,7382.19,7423.96,7369.72,7411.98,385.31,2851948.91,7401.73
2018-06-05 15:00:00,7405.34,7570.99,7403.72,7570.99,746.03,5571588.17,7468.3
2018-06-05 16:00:00,7570.99,7600,7537.12,7569,748.37,5664124.08,7568.6
2018-06-05 17:00:00,7563.18,7685,7556.1,7616.69,1151.81,8772324.09,7616.15
2018-06-05 18:00:00,7616.69,7644.84,7610,7620.91,433.37,3305189.37,7626.69
2018-06-05 19:00:00,7615.05,7633.66,7607.41,7620,273.49,2083038.84,7616.62
2018-06-05 20:00:00,7619.74,7650,7607.13,7627.42,280.16,2137381.99,7629.06
2018-06-05 21:00:00,7632.32,7637.15,7578.82,7589.52,519.92,3951814.57,7600.76
2018-06-05 22:00:00,7589.52,7628.28,7586.5,7625.73,99.08,754223.82,7611.99
2018-06-05 23:00:00,7623.85,7635.11,7600.11,7617.98,56.98,433833.66,7613.98
2018-06-06 00:00:00,7617.98,7629.38,7600,7608.02,113.91,867528.05,7615.98
2018-06-06 01:00:00,7605.27,7640,7590.87,7639.98,205.94,1569071.88,7619.03
2018-06-06 02:00:00,7639.98,7639.98,7591.74,7619.77,89.97,684735.38,7610.29
2018-06-06 03:00:00,7616.66,7630.63,7602.86,7604.68,85.6,652156.28,7618.34
2018-06-06 04:00:00,7604.99,7622.92,7591.61,7594.21,95.88,729419.47,7608.02
2018-06-06 05:00:00,7594.21,7612.72,7570,7612.71,229.82,1745337.61,7594.25
2018-06-06 06:00:00,7612.72,7659.83,7612.72,7637.26,310.8,2373335.74,7636.09
2018-06-06 07:00:00,7632.02,7685,7610,7622.52,338.21,2583939.89,7640.02
2018-06-06 08:00:00,7621.88,7632.37,7581.93,7629.98,440.72,3352313.6,7606.41
2018-06-06 09:00:00,7627.32,7637.72,7591.97,7602.99,318.74,2425851.69,7610.77
2018-06-06 10:00:00,7595.64,7615,7591.43,7615,247.23,1879669.68,7602.93
2018-06-06 11:00:00,7614.99,7638.05,7609.07,7616.98,196.69,1499043,7621.37
2018-06-06 12:00:00,7616.18,7675,7603.01,7649.98,557.26,4252287,7630.72
2018-06-06 13:00:00,7647.88,7661.43,7629.38,7630.75,348.11,2661481.05,7645.5
2018-06-06 14:00:00,7630.75,7644.62,7625.01,7625.74,156.13,1191774.23,7633.38
2018-06-06 15:00:00,7625.9,7669.34,7625.03,7651.28,226.62,1733849.2,7651.02
2018-06-06 16:00:00,7651.17,7664.99,7500,7514.05,1048.02,7943419.15,7579.45
2018-06-06 17:00:00,7519.67,7538.33,7508.81,7522.33,199.83,1503654.83,7524.6
2018-06-06 18:00:00,7522.65,7524.41,7482.61,7517.99,466.28,3498027.34,7502.02
2018-06-06 19:00:00,7517.99,7534.48,7510.99,7527.99,150.51,1132570.02,7524.81
2018-06-06 20:00:00,7527.99,7650,7510.72,7620,545.08,4139709.1,7594.71
2018-06-06 21:00:00,7620,7695.46,7611.36,7671.69,389.66,2986492.65,7664.43
2018-06-06 22:00:00,7659.94,7689.59,7635.24,7663.66,150.6,1152369.35,7652.08
2018-06-06 23:00:00,7662.3,7662.3,7633.05,7658.57,146.45,1119909.89,7647.18
2018-06-07 00:00:00,7658.99,7733.99,7654.81,7719.48,362,2784258.84,7691.3
2018-06-07 01:00:00,7726.9,7750,7705.6,7719.72,622.08,4808094.94,7729.12
2018-06-07 02:00:00,7719.75,7750,7710,7711.16,279.86,2162870.84,7728.44
2018-06-07 03:00:00,7714.05,7740.85,7689.26,7724.37,223.59,1725196.53,7716.04
2018-06-07 04:00:00,7722.16,7726.98,7691.1,7704.23,176.59,1361612.16,7710.66
2018-06-07 05:00:00,7704.79,7720.13,7700.31,7708.85,281.74,2171930.04,7708.99
2018-06-07 06:00:00,7711.17,7713.7,7665.99,7702.87,297.34,2288778.13,7697.63
2018-06-07 07:00:00,7702.86,7713.31,7695.93,7697.24,154.63,1191178.03,7703.31
2018-06-07 08:00:00,7701,7727.63,7668.2,7687.85,630,4850398.15,7699.08
2018-06-07 09:00:00,7687.84,7711.31,7668.36,7695.86,427.34,3284917.7,7686.81
2018-06-07 10:00:00,7697.58,7715.52,7673.96,7692.98,284.63,2189823.08,7693.71
2018-06-07 11:00:00,7692.8,7700,7677.73,7691.98,303.2,2332312.41,7692.37
2018-06-07 12:00:00,7691.98,7726.48,7685.52,7699,407.43,3138311.54,7702.63
2018-06-07 13:00:00,7699,7718.01,7691.99,7699.02,228.64,1760813.1,7701.27
2018-06-07 14:00:00,7698.94,7711.66,7632.01,7683.52,675.58,5188470.97,7679.98
2018-06-07 15:00:00,7683.52,7703.64,7655.59,7686.16,455.4,3494604.72,7673.76
2018-06-07 16:00:00,7686.99,7718.07,7669.51,7718.07,287.81,2215225.01,7696.82
2018-06-07 17:00:00,7716.19,7733.99,7660.74,7686.22,512.52,3943130.66,7693.67
2018-06-07 18:00:00,7686.22,7704.99,7680.3,7691.54,244.73,1882777.2,7693.26
2018-06-07 19:00:00,7691.55,7700,7680.97,7692.51,164.86,1268263.99,7693.08
2018-06-07 20:00:00,7690.65,7697.93,7618.99,7659.99,285.73,2187394.95,7655.4
2018-06-07 21:00:00,7659.99,7671.3,7645.45,7660,67.38,515999.47,7658
2018-06-07 22:00:00,7651.5,7661.52,7636,7651.31,92.02,703945.98,7650.21
2018-06-07 23:00:00,7651.31,7690.92,7640.61,7689.28,79.93,613114.16,7670.64
2018-06-08 00:00:00,7676.41,7697,7671.17,7693.47,104.11,800215.34,7686.36
2018-06-08 01:00:00,7692.61,7692.85,7664.71,7679.99,33.26,255452.2,7680.06
2018-06-08 02:00:00,7679.99,7684.79,7655,7663.45,141.35,1083536.72,7665.82
2018-06-08 03:00:00,7661.92,7665.03,7621.39,7635,267.1,2042579.31,7647.28
2018-06-08 04:00:00,7635,7652.33,7607.82,7632.27,350.46,2673643.87,7629.04
2018-06-08 05:00:00,7638.81,7645.33,7622.26,7639.99,162.38,1239553.91,7633.85
2018-06-08 06:00:00,7632.93,7656.02,7628.12,7653.31,116.47,889719.93,7638.77
2018-06-08 07:00:00,7652.99,7664.39,7625.11,7632,277.48,2121426.47,7645.45
2018-06-08 08:00:00,7632.06,7645.67,7606,7632.79,224.21,1709242.98,7623.49
2018-06-08 09:00:00,7632.79,7650,7622.68,7629.99,93.95,717424.16,7636.47
2018-06-08 10:00:00,7625.25,7633.99,7559,7570.6,424.35,3221295.52,7591.18
2018-06-08 11:00:00,7566.14,7584.28,7542,7565.64,457.05,3456008.19,7561.51
2018-06-08 12:00:00,7557.01,7577.72,7542.01,7551.26,216.67,1637254.39,7556.33
2018-06-08 13:00:00,7551.72,7594.79,7550,7585.78,238.34,1806033.26,7577.58
2018-06-08 14:00:00,7585.73,7600.32,7561.09,7589.99,141.69,1074298.53,7582.16
2018-06-08 15:00:00,7589.95,7657.13,7555,7637.45,349.44,2657553.14,7605.1
2018-06-08 16:00:00,7637.45,7659.99,7622.64,7649.17,409.58,3130665.5,7643.64
2018-06-08 17:00:00,7649.87,7655,7638.21,7654.6,111.29,851254.09,7648.68
2018-06-08 18:00:00,7654.19,7654.94,7629.24,7637.51,129.85,992062.41,7639.96
2018-06-08 19:00:00,7632.17,7647.57,7625.21,7630.7,42.55,324841.31,7634.98
2018-06-08 20:00:00,7630.9,7650,7629.95,7647.99,57.08,436262.94,7642.44
2018-06-08 21:00:00,7647.99,7659.96,7633.03,7659.96,43.45,332303.37,7648.18
2018-06-08 22:00:00,7659.98,7671.81,7630,7642.77,81.11,620861.19,7654.29
2018-06-08 23:00:00,7638.52,7646.9,7599.1,7618.11,203.35,1549330.89,7619.14
2018-06-09 00:00:00,7618.11,7635,7609.64,7633.79,66.49,506760.08,7621.74
2018-06-09 01:00:00,7633.06,7668.81,7623.95,7656.67,88.3,674379.14,7637.59
2018-06-09 02:00:00,7665.97,7684.48,7649.67,7680.2,188.08,1443370.73,7674.24
2018-06-09 03:00:00,7680.2,7680.2,7653.44,7666.85,60.69,465195.31,7664.96
2018-06-09 04:00:00,7667.06,7680,7651.36,7659.7,69.67,534150.41,7666.45
2018-06-09 05:00:00,7662.49,7669.48,7650.26,7664.05,38.44,294266.5,7655.21
2018-06-09 06:00:00,7667.6,7686.45,7658.57,7674.33,142.92,1097705.3,7680.35
2018-06-09 07:00:00,7672.17,7673.81,7646.21,7650.93,62.71,480141.23,7656.11
2018-06-09 08:00:00,7650.93,7657.97,7623.61,7624.32,101.34,774893.28,7646.57
2018-06-09 09:00:00,7624.15,7650.4,7621.07,7648,29.16,222674.15,7637.21
2018-06-09 10:00:00,7636.94,7666,7636.94,7650.01,28.83,220587.23,7652.37
2018-06-09 11:00:00,7650.01,7659.93,7633.76,7643.95,77.01,589532.6,7655.62
2018-06-09 12:00:00,7642.89,7652.8,7599,7607.99,163.68,1247038.39,7618.54
2018-06-09 13:00:00,7605,7618.35,7575,7591.21,258.52,1963486.75,7595.23
2018-06-09 14:00:00,7598.99,7611.98,7584.68,7599.83,57.19,434497.37,7597.01
2018-06-09 15:00:00,7592.39,7630,7592.39,7621.45,66.42,505750.94,7613.92
2018-06-09 16:00:00,7621.57,7621.57,7573.36,7591.14,36.49,277027.01,7592.67
2018-06-09 17:00:00,7592.08,7608.15,7574.9,7599.61,38.06,288947.07,7591.16
2018-06-09 18:00:00,7599.61,7620,7586.09,7618.21,93.85,713997.76,7607.89
2018-06-09 19:00:00,7619.99,7630,7604.38,7619,60.85,463676.4,7619.8
2018-06-09 20:00:00,7619,7636.59,7612.49,7630,35.34,269456.64,7625.01
2018-06-09 21:00:00,7628.04,7630,7606.49,7608.72,121.5,924803.99,7611.45
2018-06-09 22:00:00,7608.5,7617.88,7575,7600,104.01,789881.49,7594.58
2018-06-09 23:00:00,7600,7611,7468.31,7492.7,724.23,5437103.36,7507.43
2018-06-10 00:00:00,7498,7498,7270,7270.16,1184.68,8735801.15,7374.01
2018-06-10 01:00:00,7270.16,7374.06,7270.1,7327.5,271.99,1991077.78,7320.31
2018-06-10 02:00:00,7327.5,7339.57,7289.5,7339.23,200.35,1466389.26,7319.21
2018-06-10 03:00:00,7330.67,7336.79,7270,7292.38,180.52,1318177.19,7302.12
2018-06-10 04:00:00,7285.14,7328.8,7285.14,7294.46,212.69,1554365.04,7308.29
2018-06-10 05:00:00,7291.65,7321.44,7286.57,7309.81,184.1,1345058.61,7306.17
2018-06-10 06:00:00,7309.81,7325.98,7298.11,7310.8,141.03,1031513.22,7314.07
2018-06-10 07:00:00,7310.8,7324.35,7175.83,7205.68,629.35,4561500.96,7247.99
2018-06-10 08:00:00,7205.68,7251.81,7180,7221.63,382.85,2759635.52,7208.12
2018-06-10 09:00:00,7221.57,7254.84,7211.7,7242.27,223.68,1618903.5,7237.55
2018-06-10 10:00:00,7242.27,7250.87,7219,7249.99,140.73,1018027.43,7233.65
2018-06-10 11:00:00,7245,7263.23,7219.9,7233.9,323.2,2339661.08,7239.08
2018-06-10 12:00:00,7244.35,7260,7222.55,7240.1,105.16,761825.17,7244.34
2018-06-10 13:00:00,7240.4,7284.14,7185,7276.92,363.09,2625405.7,7230.69
2018-06-10 14:00:00,7276.99,7277.91,7237.51,7247.99,101.76,738684.93,7258.92
2018-06-10 15:00:00,7247.99,7263.25,7220.84,7246.69,87.08,630273.73,7237.91
2018-06-10 16:00:00,7244.34,7254.55,7199.32,7211.45,117.69,849938.51,7221.68
2018-06-10 17:00:00,7205.92,7221.98,6685,6749.14,3361.67,23231250.92,6910.63
2018-06-10 18:00:00,6749.99,6792.28,6627.7,6746.86,1920.68,12897182.66,6714.91
2018-06-10 19:00:00,6743.22,6843.34,6721.72,6839.6,1103.99,7489797.04,6784.32
2018-06-10 20:00:00,6841.41,6843.35,6701,6724.23,959.3,6514681.86,6791.1
2018-06-10 21:00:00,6726.81,6808.09,6708.01,6758.51,473.2,3193441.21,6748.57
2018-06-10 22:00:00,6758.5,6760,6651.08,6693.64,1061.96,7121432.86,6705.9
2018-06-10 23:00:00,6691.82,6788.55,6677.4,6781.17,661.94,4461145.84,6739.46
2018-06-11 00:00:00,6781.17,6792.28,6717.12,6730,627.99,4236810.5,6746.58
2018-06-11 01:00:00,6728.99,6758.45,6689.77,6758.45,393.63,2648145.45,6727.47
2018-06-11 02:00:00,6758.45,6826.28,6740.43,6783.1,519.5,3524848.12,6785.09
2018-06-11 03:00:00,6783.1,6790,6756,6776.2,352.27,2387050.84,6776.1
2018-06-11 04:00:00,6776.2,6808,6741.59,6790.91,471.29,3194523.3,6778.18
2018-06-11 05:00:00,6791.54,6801.59,6735.8,6753.99,313.34,2120703.01,6768.11
2018-06-11 06:00:00,6745.62,6775.34,6725.64,6745.99,392.29,2650595.76,6756.73
2018-06-11 07:00:00,6748.51,6770.96,6643.45,6656.33,889.33,5963462.44,6705.59
2018-06-11 08:00:00,6644.75,6835.22,6634.86,6797.95,1197.38,8080340.68,6748.37
2018-06-11 09:00:00,6789.01,6818.37,6762.9,6772.28,369.15,2503324.11,6781.28
2018-06-11 10:00:00,6772.28,6780,6730,6775.61,367.08,2479493.16,6754.55
2018-06-11 11:00:00,6776.79,6799,6758.59,6796.07,235.38,1595782.15,6779.67
2018-06-11 12:00:00,6796.21,6798.9,6734.02,6763.72,681.8,4611087.8,6763.07
2018-06-11 13:00:00,6763.72,6784.06,6746.59,6752.46,741.79,5016336.06,6762.44
2018-06-11 14:00:00,6756.75,6767.26,6682.78,6727.85,636.69,4282121.17,6725.61
2018-06-11 15:00:00,6719.29,6741.59,6657.95,6713.95,463.37,3108987.72,6709.57
2018-06-11 16:00:00,6704.91,6758.2,6701.13,6739.17,309.34,2083129.49,6734.02
2018-06-11 17:00:00,6739.73,6750,6718.81,6726.75,191.83,1291719,6733.74
2018-06-11 18:00:00,6726.74,6790,6680,6757.83,606.82,4078764.58,6721.53
2018-06-11 19:00:00,6753,6800.87,6741.59,6757.23,330.65,2237338.52,6766.53
2018-06-11 20:00:00,6757.52,6775.34,6732.65,6767.19,237.82,1605598.71,6751.31
2018-06-11 21:00:00,6767.19,6780,6752.19,6774.11,113.36,767535.68,6770.67
2018-06-11 22:00:00,6774.11,6792.28,6750.29,6792.1,241.54,1636012.53,6773.14
2018-06-11 23:00:00,6791.08,6919.97,6778.1,6880.61,725.86,4966930.68,6842.78
2018-06-12 00:00:00,6880.76,6880.76,6826.28,6853.61,152.48,1044159.24,6847.86
2018-06-12 01:00:00,6849.58,6868.54,6828.08,6861.82,198.02,1357428.94,6854.93
2018-06-12 02:00:00,6853.12,6876.18,6842.1,6863,228.89,1570011.49,6859.24
2018-06-12 03:00:00,6855.9,6864,6800,6823.65,235.83,1612624.55,6837.95
2018-06-12 04:00:00,6817.2,6850.5,6812,6821.5,527.65,3602017.91,6826.52
2018-06-12 05:00:00,6826.34,6848.9,6815.53,6839.66,191.9,1311383,6833.85
2018-06-12 06:00:00,6839.66,6846.11,6827.36,6835,229.12,1566235.31,6835.79
2018-06-12 07:00:00,6835,6860.46,6817.05,6833.32,446.73,3051883.89,6831.65
2018-06-12 08:00:00,6833.32,6877.61,6800,6858.69,361.79,2472037.95,6832.86
2018-06-12 09:00:00,6857.8,6860.11,6832.73,6858.28,201.49,1379336.37,6845.85
2018-06-12 10:00:00,6857.98,6860,6840,6850.93,154.96,1061278.42,6848.63
2018-06-12 11:00:00,6850.86,6860,6813.11,6840.58,144.81,990054.91,6837.13
2018-06-12 12:00:00,6840.58,6846.21,6708.01,6736.8,345.35,2336303.94,6764.94
2018-06-12 13:00:00,6730.01,6749.9,6711,6740.01,345.94,2328729.72,6731.57
2018-06-12 14:00:00,6743,6790,6732.83,6757.95,388.86,2628627.07,6759.82
2018-06-12 15:00:00,6766.1,6768.13,6744.39,6764.71,79.03,533915.11,6755.53
2018-06-12 16:00:00,6765.79,6770.15,6704.38,6740,392.33,2642915.05,6736.38
2018-06-12 17:00:00,6740,6756.13,6720.05,6722.82,222.41,1498594.11,6738
2018-06-12 18:00:00,6728.56,6732.32,6668,6691.71,590.27,3955673.95,6701.5
2018-06-12 19:00:00,6691.84,6697.42,6461.42,6514.6,1458.04,9527777.17,6534.65
2018-06-12 20:00:00,6511.81,6584.52,6498.92,6544.99,628.36,4113011.44,6545.65
2018-06-12 21:00:00,6539.19,6557.12,6509.55,6549.28,374.56,2444367.05,6525.94
2018-06-12 22:00:00,6550,6561,6525.14,6543.98,271.18,1774247.15,6542.78
2018-06-12 23:00:00,6540.01,6583,6481,6557.67,657.6,4290382.51,6524.29
2018-06-13 00:00:00,6557.66,6581.19,6542.59,6560.7,549.08,3602438.84,6560.81
2018-06-13 01:00:00,6555.01,6570.22,6542.59,6559.33,276.95,1815080.87,6553.79
2018-06-13 02:00:00,6561.2,6579.58,6553.61,6565.5,190.46,1250795.71,6567.13
2018-06-13 03:00:00,6561.76,6571.58,6538.15,6563.12,346.55,2272316.79,6556.9
2018-06-13 04:00:00,6563.11,6598.85,6526.28,6591.74,481.61,3160583.57,6562.6
2018-06-13 05:00:00,6591.74,6624.45,6556.15,6563.92,501.52,3302048.62,6584.09
2018-06-13 06:00:00,6567.8,6585.01,6562.29,6568.87,171.04,1124152.72,6572.34
2018-06-13 07:00:00,6568.91,6587.4,6532.22,6546.33,320.71,2104553.32,6562.1
2018-06-13 08:00:00,6554.15,6566.72,6504.65,6537.13,484.56,3166952.37,6535.67
2018-06-13 09:00:00,6529.46,6542,6380,6404.46,1597.16,10305869,6452.61
2018-06-13 10:00:00,6402.13,6477.43,6402.13,6447,1295.89,8340170.08,6435.84
2018-06-13 11:00:00,6447.7,6465.77,6420.4,6463.72,736.61,4749822.04,6448.23
2018-06-13 12:00:00,6463.72,6490,6426.91,6468.79,1638.71,10590579.5,6462.74
2018-06-13 13:00:00,6468.7,6490,6446.49,6463.4,622.67,4028902.23,6470.38
2018-06-13 14:00:00,6456.99,6463.27,6402.81,6445.29,573.51,3693604.79,6440.38
2018-06-13 15:00:00,6443.87,6461.42,6351,6386.87,1357.46,8704225.99,6412.14
2018-06-13 16:00:00,6386.86,6411.66,6120,6281.03,3566.14,22386739.76,6277.58
2018-06-13 17:00:00,6281.03,6331.56,6235,6322.16,1372.44,8604294.2,6269.33
2018-06-13 18:00:00,6323.18,6381.24,6310,6322.11,804.51,5097605.95,6336.25
2018-06-13 19:00:00,6329.41,6341.54,6255.05,6292.5,724.65,4561528,6294.82
2018-06-13 20:00:00,6286.39,6298.97,6230.87,6260.41,517.35,3239228.74,6261.21
2018-06-13 21:00:00,6259.7,6292.17,6230.87,6281.44,255.93,1603061.39,6263.74
2018-06-13 22:00:00,6281.44,6355.21,6269.79,6329.08,486.2,3070166.72,6314.62
2018-06-13 23:00:00,6330.48,6349.47,6286.37,6307.4,318.77,2012066.95,6312
2018-06-14 00:00:00,6308.49,6347.07,6271.17,6284.43,364.6,2301223.09,6311.66
2018-06-14 01:00:00,6273.41,6344.05,6270.69,6321.99,494.15,3118562.35,6310.95
2018-06-14 02:00:00,6321.99,6520,6319.2,6475.37,1237.68,7983798.09,6450.61
2018-06-14 03:00:00,6478.17,6505.29,6463.4,6499.62,360.55,2337360.69,6482.83
2018-06-14 04:00:00,6498.55,6510,6470.99,6477.14,429.2,2785133.24,6489.12
2018-06-14 05:00:00,6478.72,6493.52,6432.88,6470.19,307.45,1988066.63,6466.29
2018-06-14 06:00:00,6470.19,6493.52,6462.07,6489.79,221.42,1435423.16,6482.85
2018-06-14 07:00:00,6489.52,6489.99,6435.35,6473.6,487.24,3146740.4,6458.28
2018-06-14 08:00:00,6483.07,6549,6467.21,6490.78,1404.68,9136305.46,6504.21
2018-06-14 09:00:00,6489.03,6509.98,6480,6501.99,341.16,2215108.34,6492.91
2018-06-14 10:00:00,6501.99,6512.99,6474.44,6497.33,384.36,2496957.33,6496.42
2018-06-14 11:00:00,6497.33,6547.06,6491.3,6533.84,549.49,3585632.66,6525.37
2018-06-14 12:00:00,6533.84,6534.23,6475.01,6494.24,589.79,3833676.57,6500.1
2018-06-14 13:00:00,6494.99,6494.99,6363.75,6373.59,1102.69,7068102.04,6409.89
2018-06-14 14:00:00,6382.99,6443.42,6377.8,6418.32,718.79,4606906.36,6409.27
2018-06-14 15:00:00,6426.58,6427.99,6317.84,6356.53,628.85,4009381.62,6375.72
2018-06-14 16:00:00,6356.3,6555.65,6348.66,6520,936.18,6046862.4,6459.06
2018-06-14 17:00:00,6520,6650,6502.07,6611.93,1416.34,9332124.44,6588.91
2018-06-14 18:00:00,6611.92,6708.1,6611.92,6653.99,846.98,5643548.91,6663.18
2018-06-14 19:00:00,6653.9,6657.06,6603.3,6644.89,344.23,2280881.7,6626.08
2018-06-14 20:00:00,6644.69,6688.44,6622.02,6660.19,267.56,1780510.54,6654.59
2018-06-14 21:00:00,6660.09,6691.28,6635.39,6652.17,177.88,1184243.37,6657.63
2018-06-14 22:00:00,6650,6662.99,6591.79,6623.23,234.32,1551796.11,6622.49
2018-06-14 23:00:00,6623.81,6673.02,6578.31,6646.1,340.27,2253516.36,6622.8
2018-06-15 00:00:00,6638.8,6653.5,6576.8,6617.78,242.48,1604845.68,6618.34
2018-06-15 01:00:00,6625.9,6627.29,6568,6596.85,216.65,1428742.04,6594.8
2018-06-15 02:00:00,6596.81,6600.54,6555.68,6596.57,250.57,1646767.91,6572.17
2018-06-15 03:00:00,6596.95,6619.99,6583.37,6607.86,203.8,1345958.79,6604.44
2018-06-15 04:00:00,6597.25,6606.96,6538.18,6561.35,252.17,1657256.78,6571.92
2018-06-15 05:00:00,6560.99,6593.05,6539.35,6578.54,412.92,2710647.91,6564.56
2018-06-15 06:00:00,6586.55,6624.79,6560.58,6591.4,358.22,2361330.97,6591.85
2018-06-15 07:00:00,6592.34,6605,6565.7,6585.37,305.91,2014707.96,6585.96
2018-06-15 08:00:00,6580.01,6622.96,6553.61,6602.98,549.32,3620845.24,6591.56
2018-06-15 09:00:00,6601.6,6607.08,6560.14,6591,321.39,2115323.73,6581.85
2018-06-15 10:00:00,6597.86,6608.26,6560.6,6599.47,143.54,945617.8,6587.68
2018-06-15 11:00:00,6599.24,6666.66,6473,6530,919.42,6019803.97,6547.36
2018-06-15 12:00:00,6533.88,6542.9,6482.33,6502.2,414.09,2696176.85,6511.13
2018-06-15 13:00:00,6507.07,6537.99,6486.02,6513.06,370.29,2410708.89,6510.28
2018-06-15 14:00:00,6513.05,6556.65,6493.77,6542.5,248.51,1620664.89,6521.51
2018-06-15 15:00:00,6542.28,6548,6520.29,6530,244.03,1594837.22,6535.54
2018-06-15 16:00:00,6542.5,6624.79,6528.54,6570.69,280.09,1842673.13,6578.96
2018-06-15 17:00:00,6569.01,6571.54,6514.7,6550.53,253.89,1661187.22,6542.99
2018-06-15 18:00:00,6550.14,6568.88,6538.4,6555.57,56.74,371980.24,6555.4
2018-06-15 19:00:00,6555.93,6560,6538.47,6551.46,71.58,469011.08,6552.51
2018-06-15 20:00:00,6550.94,6557.82,6454.47,6496.66,276.64,1798250.46,6500.39
2018-06-15 21:00:00,6503.99,6509.23,6473.83,6483.49,81.28,527601.39,6490.98
2018-06-15 22:00:00,6482.82,6482.82,6390,6411.03,293.17,1884218.43,6427.01
2018-06-15 23:00:00,6411.03,6429.23,6370,6390.6,365.52,2335927.75,6390.78
2018-06-16 00:00:00,6390.6,6429.23,6386.2,6398.75,139.87,897016.16,6413.05
2018-06-16 01:00:00,6404.06,6461.13,6389.64,6448.24,156.15,1003220.72,6424.63
2018-06-16 02:00:00,6454.47,6457.42,6435,6450.4,70.32,453359.77,6446.69
2018-06-16 03:00:00,6450.4,6452.46,6408.82,6426.29,66.92,430167.65,6428.14
2018-06-16 04:00:00,6419.05,6444.98,6414.68,6435,51.16,329109.17,6433.04
2018-06-16 05:00:00,6435,6489.77,6428.37,6469.24,90.22,582980.81,6461.53
2018-06-16 06:00:00,6468.89,6477.57,6443.05,6466.38,105.67,682444.9,6458.05
2018-06-16 07:00:00,6460,6483.41,6453.69,6467.51,163.39,1056372.8,6465.53
2018-06-16 08:00:00,6458.76,6469.7,6433,6466.99,100.04,645501.32,6452.17
2018-06-16 09:00:00,6466.99,6476.53,6451.39,6464.26,95.36,616378.89,6463.78
2018-06-16 10:00:00,6464.34,6510,6462.64,6468.38,243.13,1576714.34,6484.99
2018-06-16 11:00:00,6465.58,6472.85,6436.09,6454.99,98.7,637249.4,6456.43
2018-06-16 12:00:00,6454.99,6477.57,6429.23,6439.08,180.35,1164034.13,6454.13
2018-06-16 13:00:00,6434.27,6448.38,6381.25,6415.42,457.5,2932067.35,6408.84
2018-06-16 14:00:00,6409.02,6424.83,6399.71,6415,38.39,246110.13,6411.58
2018-06-16 15:00:00,6409.7,6422.45,6333.63,6364.7,211.36,1346833.43,6372.18
2018-06-16 16:00:00,6364.99,6550.38,6336.37,6516.17,533,3453625.86,6479.57
2018-06-16 17:00:00,6516.17,6542.59,6493.77,6521.9,202.28,1318002.08,6515.58
2018-06-16 18:00:00,6518.59,6535.99,6496.62,6510,17.2,111988.03,6511.44
2018-06-16 19:00:00,6506.65,6510,6477.75,6490.63,55.01,357375.23,6497.01
2018-06-16 20:00:00,6497.91,6542.59,6490.65,6524.78,117.67,767077.29,6518.61
2018-06-16 21:00:00,6514.98,6557.81,6514.98,6534.89,136.11,889172.66,6532.88
2018-06-16 22:00:00,6538.13,6552.47,6528.94,6536.13,123.31,807256.18,6546.75
2018-06-16 23:00:00,6536.16,6536.16,6470.26,6487.92,100.57,653592.38,6499.07
2018-06-17 00:00:00,6487.92,6524.99,6484.48,6512.01,32.78,213321.6,6506.9
2018-06-17 01:00:00,6511.25,6526.28,6493.75,6523.73,105.68,688883.11,6518.46
2018-06-17 02:00:00,6526.17,6542.48,6517.75,6521.99,31.01,202489.36,6529.84
2018-06-17 03:00:00,6523.02,6542.59,6521.06,6538.97,20.98,137078.23,6532.29
2018-06-17 04:00:00,6538.97,6550,6504.83,6534.2,147.19,961659.35,6533.66
2018-06-17 05:00:00,6534.54,6540.66,6510.01,6513.36,30.44,198685.51,6526.92
2018-06-17 06:00:00,6513.36,6520.01,6503.13,6505.3,71.91,468212.18,6511.37
2018-06-17 07:00:00,6515.12,6540,6507.3,6532.81,98.58,643342.38,6526.39
2018-06-17 08:00:00,6532.99,6575.35,6510,6513.4,548.9,3596292.1,6551.87
2018-06-17 09:00:00,6510,6536.07,6506.68,6526.67,46.16,300736.78,6514.6
2018-06-17 10:00:00,6528.27,6536.06,6502.2,6525.99,62.7,408912.1,6522
2018-06-17 11:00:00,6525.65,6525.65,6500,6509.6,74.81,486882.3,6508.27
2018-06-17 12:00:00,6515.7,6518.38,6450,6461.66,93.12,603146.34,6477.22
2018-06-17 13:00:00,6456.11,6504.75,6450.1,6492.26,66.42,430772.08,6485.15
2018-06-17 14:00:00,6484.36,6499.99,6467.52,6474.99,40.3,261302.26,6483.4
2018-06-17 15:00:00,6474.99,6540,6451,6514.55,342.84,2224171.67,6487.54
2018-06-17 16:00:00,6523.92,6525.71,6498.06,6511.46,80.38,523465.83,6512
2018-06-17 17:00:00,6512.4,6516.01,6493.77,6504.8,23.59,153437.24,6504.86
2018-06-17 18:00:00,6503.66,6518.38,6497.44,6514.13,22.34,145332.96,6506.51
2018-06-17 19:00:00,6514.27,6553.61,6512.35,6512.35,112.62,735323.59,6528.98
2018-06-17 20:00:00,6513.59,6516.45,6477.58,6489.7,225.57,1464394.79,6492.02
2018-06-17 21:00:00,6489.7,6504.5,6477.57,6500,200.94,1304447.17,6491.57
2018-06-17 22:00:00,6493.26,6508.43,6471.82,6488.29,110.81,719136.97,6489.69
2018-06-17 23:00:00,6490.25,6490.25,6429.23,6453.41,238.68,1541002.65,6456.39
2018-06-18 00:00:00,6451.03,6462.89,6381.25,6403,199.32,1280660.81,6425.13
2018-06-18 01:00:00,6408.64,6445.31,6388.77,6427.71,232.55,1492998.83,6420.14
2018-06-18 02:00:00,6427.71,6444.44,6415.15,6432.03,53.8,345758,6426.93
2018-06-18 03:00:00,6428.41,6441.69,6406.1,6412.35,204.16,1313442.34,6433.43
2018-06-18 04:00:00,6412.34,6420.59,6389,6407,170.52,1092712.31,6408.19
2018-06-18 05:00:00,6407,6447.64,6397.7,6422,129.74,833516.25,6424.35
2018-06-18 06:00:00,6421.01,6451.33,6417.46,6442.11,217.43,1398977.53,6434.14
2018-06-18 07:00:00,6439.85,6444.15,6422,6432.76,84.82,545794.11,6434.41
2018-06-18 08:00:00,6441.28,6493.77,6427.7,6476.48,355.07,2295060.81,6463.75
2018-06-18 09:00:00,6477.96,6491.17,6450.55,6453.37,245.18,1585931.75,6468.34
2018-06-18 10:00:00,6455,6457.49,6429.26,6434.74,295,1899511.76,6438.99
2018-06-18 11:00:00,6434.74,6439.86,6400,6427,356.49,2289645.6,6422.66
2018-06-18 12:00:00,6427,6451.8,6425.2,6425.74,161.11,1036608.71,6434.3
2018-06-18 13:00:00,6425.73,6445.3,6411.12,6445.19,214.43,1378299.66,6427.71
2018-06-18 14:00:00,6437.54,6481.28,6424.44,6463.55,244.46,1577738.8,6454.09
2018-06-18 15:00:00,6463.16,6481.56,6445.73,6465.99,95.98,620488.19,6464.48
2018-06-18 16:00:00,6465.99,6680,6457.39,6650.23,893.17,5910151.43,6617.06
2018-06-18 17:00:00,6650.23,6793,6641.35,6724.8,747.01,5034048.81,6738.9
2018-06-18 18:00:00,6729.14,6750,6714.85,6726.07,260.69,1754699.34,6731.08
2018-06-18 19:00:00,6726.63,6734.8,6678.25,6693.06,193.42,1297224,6706.67
2018-06-18 20:00:00,6695.78,6734,6695.78,6725,143.87,966446.3,6717.71
2018-06-18 21:00:00,6725,6734,6706.94,6715,107.29,720864.03,6718.95
2018-06-18 22:00:00,6715.26,6725,6697.56,6709.59,254.8,1710312.26,6712.37
2018-06-18 23:00:00,6702.75,6712.85,6692.12,6707.5,79.86,535172.16,6701.26
2018-06-19 00:00:00,6711.3,6734.47,6704.44,6711.41,202.08,1358454.24,6722.42
2018-06-19 01:00:00,6711.43,6727,6710,6710.44,71.73,481837.53,6717.07
2018-06-19 02:00:00,6710.61,6724.9,6676.5,6685,105.57,707773.14,6704.5
2018-06-19 03:00:00,6685,6701.63,6674.6,6684.9,65.04,434799.56,6684.95
2018-06-19 04:00:00,6683.11,6717.45,6681.4,6708.73,110.73,742590.8,6706.14
2018-06-19 05:00:00,6708.67,6719.99,6682.47,6702.99,70.31,471355.2,6704.14
2018-06-19 06:00:00,6702.99,6710.42,6674.6,6691.65,220.5,1476212.46,6694.81
2018-06-19 07:00:00,6689.98,6707.95,6673.62,6707.12,90.7,606496.67,6686.68
2018-06-19 08:00:00,6699.09,6708.01,6685.16,6695.34,113.59,761123.5,6700.83
2018-06-19 09:00:00,6701.01,6722.01,6692.63,6718.89,170.16,1141550.74,6708.7
2018-06-19 10:00:00,6718.89,6740.81,6686.19,6713.38,420.76,2825713.53,6715.75
2018-06-19 11:00:00,6713.38,6771.7,6701.74,6725.23,690.19,4650540.61,6738.01
2018-06-19 12:00:00,6724.78,6783.17,6724.78,6766.47,341.13,2302016.28,6748.18
2018-06-19 13:00:00,6760.1,6841.81,6758.45,6758.46,738.66,5017756.34,6793.03
2018-06-19 14:00:00,6764.38,6766.82,6726.56,6745.98,263.32,1776254.13,6745.62
2018-06-19 15:00:00,6745.98,6753,6728.39,6747.57,306.2,2066231.9,6747.91
2018-06-19 16:00:00,6747.57,6747.57,6660.21,6714.91,375.45,2515543.91,6700.01
2018-06-19 17:00:00,6716.71,6735,6701.8,6723.88,134.95,906621.74,6717.96
2018-06-19 18:00:00,6723.88,6726.57,6705.64,6717.09,54.54,366190.4,6714.23
2018-06-19 19:00:00,6711.91,6751.51,6710.32,6742.36,249.02,1675578.91,6728.65
2018-06-19 20:00:00,6748.65,6752.27,6682.56,6695,232.81,1563375.61,6715.21
2018-06-19 21:00:00,6695,6736.23,6693.31,6722.04,257.57,1729388.11,6714.21
2018-06-19 22:00:00,6722.03,6736.64,6700.12,6729.87,50.81,341530.3,6721.62
2018-06-19 23:00:00,6726.95,6748,6711.66,6736.52,107.84,725896.17,6731.45
2018-06-20 00:00:00,6728.44,6742.42,6665.77,6672.22,146.95,984530.27,6699.79
2018-06-20 01:00:00,6674.23,6682.55,6558.95,6624.55,679.09,4484472.87,6603.62
2018-06-20 02:00:00,6618.62,6624,6592.83,6602.01,115.7,763887.88,6602.35
2018-06-20 03:00:00,6609.02,6624.79,6602.99,6613.44,105.79,699730.61,6614.34
2018-06-20 04:00:00,6608.94,6613.44,6582.51,6600.01,209.65,1383439.19,6598.94
2018-06-20 05:00:00,6600.07,6616.76,6600,6600.01,158.52,1046506.6,6601.9
2018-06-20 06:00:00,6600.01,6655.84,6593,6623.47,251.16,1660265.26,6610.32
2018-06-20 07:00:00,6624.78,6639.92,6615.46,6630.2,99.73,660776.21,6625.6
2018-06-20 08:00:00,6630,6646.19,6622.89,6643.32,181.69,1205434.62,6634.66
2018-06-20 09:00:00,6644.09,6671,6614.29,6648.12,243.83,1619532.42,6642.13
2018-06-20 10:00:00,6648.12,6648.12,6608.92,6628,121.32,804383.47,6630.06
2018-06-20 11:00:00,6620.72,6635,6613.66,6630.03,248.61,1646670.71,6623.42
2018-06-20 12:00:00,6630.03,6634.89,6608.39,6623.91,163.93,1085825.85,6623.72
2018-06-20 13:00:00,6618.77,6772.75,6592.22,6738.49,701.88,4706486.43,6705.51
2018-06-20 14:00:00,6735,6783.02,6735,6761.92,227.83,1539357.93,6756.58
2018-06-20 15:00:00,6758.26,6771.04,6750,6761.01,161.44,1090630.73,6755.84
2018-06-20 16:00:00,6761.01,6809.26,6760,6760,669.52,4538419.66,6778.59
2018-06-20 17:00:00,6760.07,6760.07,6741.6,6745.1,176.39,1191462.1,6754.85
2018-06-20 18:00:00,6751.86,6780,6745.5,6753.34,137.76,932465.69,6768.64
2018-06-20 19:00:00,6753.34,6766.29,6745,6752.69,54.18,365784.47,6751.84
2018-06-20 20:00:00,6752.85,6757.73,6724.78,6747.28,78.57,529471.42,6738.94
2018-06-20 21:00:00,6747.33,6756.5,6710.49,6715.49,59.89,403190.06,6732.62
2018-06-20 22:00:00,6721.19,6744.79,6708.01,6740,101.88,685338.17,6727.2
2018-06-20 23:00:00,6740,6760,6740,6756.58,98.47,664855.28,6751.69
2018-06-21 00:00:00,6756.6,6775.34,6739.88,6754.97,163.52,1104698.81,6755.88
2018-06-21 01:00:00,6762.66,6764.35,6743.68,6755.4,63.24,427003.91,6752.45
2018-06-21 02:00:00,6762.15,6792.2,6755.03,6775.31,102.69,695665.22,6774.52
2018-06-21 03:00:00,6782.31,6786.69,6760.16,6775,100.23,678673.15,6771.3
2018-06-21 04:00:00,6770.09,6775,6750.74,6765.45,56.01,378852.64,6764.07
2018-06-21 05:00:00,6761.19,6765.01,6744.19,6752.88,126.16,851793.76,6751.55
2018-06-21 06:00:00,6751.83,6765.6,6741.59,6765.59,115.44,779195.7,6749.59
2018-06-21 07:00:00,6765.59,6768.8,6753.62,6760.93,143.89,972919.18,6761.63
2018-06-21 08:00:00,6760.92,6760.92,6721.02,6732.92,299.69,2019196.44,6737.61
2018-06-21 09:00:00,6727.05,6748.03,6677.85,6742.98,514.74,3458973.23,6719.83
2018-06-21 10:00:00,6743.76,6780,6730,6738.88,403.67,2724782.88,6749.98
2018-06-21 11:00:00,6745.47,6747.52,6716.01,6738.78,254.81,1715983.95,6734.29
2018-06-21 12:00:00,6731.64,6748,6715.72,6719.22,203.27,1368214.87,6731.04
2018-06-21 13:00:00,6723.16,6740.79,6680.9,6734.01,310.27,2084907.97,6719.6
2018-06-21 14:00:00,6735.12,6738.99,6692,6725,348.48,2341942.86,6720.51
2018-06-21 15:00:00,6723.92,6741.59,6713.05,6722.91,239.83,1614358.94,6731.29
2018-06-21 16:00:00,6721.7,6739.62,6705,6724.86,184.16,1237517.65,6719.8
2018-06-21 17:00:00,6724.9,6734.76,6698.14,6715.68,195.59,1313201.15,6713.94
2018-06-21 18:00:00,6715.68,6724.01,6693.67,6704.12,220.85,1482035.7,6710.51
2018-06-21 19:00:00,6703.96,6724.01,6700.32,6720,153.07,1027780.23,6714.27
2018-06-21 20:00:00,6720,6735,6705.45,6724.06,179.86,1209011.68,6721.86
2018-06-21 21:00:00,6727.52,6733.29,6706.47,6710.38,177.53,1192224.19,6715.51
2018-06-21 22:00:00,6710.38,6754.16,6706.54,6720.85,160.65,1081134.19,6729.55
2018-06-21 23:00:00,6724.73,6730.25,6715.8,6718.33,119.66,804340.52,6722.12
2018-06-22 00:00:00,6718.33,6737.97,6718.33,6721.26,134.8,906772.41,6726.66
2018-06-22 01:00:00,6724.99,6732.14,6617.77,6648.82,545.79,3641820.81,6672.55
2018-06-22 02:00:00,6648.87,6674.6,6630.06,6671.02,329.14,2189495.99,6652.1
2018-06-22 03:00:00,6664.42,6686.91,6662.64,6672.35,127.43,850672.25,6675.61
2018-06-22 04:00:00,6668.17,6680,6643.89,6670.87,359.77,2397045.14,6662.72
2018-06-22 05:00:00,6671.33,6680.01,6648.72,6658,195.55,1303278.83,6664.64
2018-06-22 06:00:00,6658,6672.5,6641.35,6647.35,196.74,1308994.13,6653.3
2018-06-22 07:00:00,6653.23,6653.23,6477.57,6512.93,1591.32,10395189.99,6532.41
2018-06-22 08:00:00,6513.81,6525.54,6364.62,6406.67,1209.86,7772498.97,6424.32
2018-06-22 09:00:00,6406.67,6407.69,6300,6314.75,1041.41,6634027.35,6370.25
2018-06-22 10:00:00,6312.5,6397.19,6309.79,6374.76,1191.59,7555387.01,6340.58
2018-06-22 11:00:00,6370.68,6390.14,6336.02,6366.06,710.47,4519033.3,6360.61
2018-06-22 12:00:00,6361.82,6373.98,6330.82,6340.42,536.78,3410701.98,6353.98
2018-06-22 13:00:00,6336.19,6346.99,6085.59,6128.77,2314.04,14315754.01,6186.47
2018-06-22 14:00:00,6134.9,6205.97,6127.3,6167.59,1724.42,10639894.18,6170.12
2018-06-22 15:00:00,6171.09,6192.88,6115,6159.71,619.86,3813060.87,6151.49
2018-06-22 16:00:00,6158.6,6193.09,6122.07,6175.39,493.17,3037413.85,6158.97
2018-06-22 17:00:00,6176.18,6187.12,6135.84,6154.59,498.23,3068731.66,6159.28
2018-06-22 18:00:00,6159.16,6250,6150.89,6230.63,752.24,4658533.56,6192.91
2018-06-22 19:00:00,6230.62,6239.45,6177.35,6194.37,617.98,3837188.79,6209.28
2018-06-22 20:00:00,6201.63,6220,6025.11,6070,1322.71,8053611.84,6088.71
2018-06-22 21:00:00,6074.88,6079.18,5940,6025.11,1359.58,8150912.22,5995.18
2018-06-22 22:00:00,6024.67,6100.81,5968.71,6084.17,516.03,3116701.75,6039.72
2018-06-22 23:00:00,6084.17,6084.17,6035.19,6050.45,155.22,939885.14,6055.34
2018-06-23 00:00:00,6055.17,6177.45,6048.54,6144.36,379.35,2320962.33,6118.19
2018-06-23 01:00:00,6144.36,6157.34,6122.02,6147,153.02,939063.93,6136.9
2018-06-23 02:00:00,6140,6160.08,6121.37,6135.43,191.15,1174347.87,6143.6
2018-06-23 03:00:00,6135.43,6148.26,6100.81,6113.89,117.44,718973.73,6122.14
2018-06-23 04:00:00,6113.72,6159.9,6100,6140.3,521.42,3201968.06,6140.85
2018-06-23 05:00:00,6136.58,6152.92,6100.81,6100.82,125.64,770078.96,6129.33
2018-06-23 06:00:00,6105.39,6105.39,6050,6059.32,242.11,1469773.49,6070.64
2018-06-23 07:00:00,6061.63,6129.23,6052.11,6128.13,126.26,769877.32,6097.66
2018-06-23 08:00:00,6128.8,6146.68,6100.81,6114.68,86.5,529786.41,6124.9
2018-06-23 09:00:00,6114.68,6169.99,6103.5,6141.63,133.54,819622.6,6137.44
2018-06-23 10:00:00,6141.63,6164.35,6132.02,6146.11,73.29,450709.23,6149.89
2018-06-23 11:00:00,6149.58,6185,6132.18,6150,339.37,2086846.09,6149.16
2018-06-23 12:00:00,6151.16,6152.05,6099,6140.82,207.03,1267524.42,6122.46
2018-06-23 13:00:00,6140.82,6166.08,6111.05,6160.25,178.77,1096672.99,6134.68
2018-06-23 14:00:00,6164.99,6165.07,6116.58,6123.21,157.44,965194.73,6130.54
2018-06-23 15:00:00,6124.77,6124.77,6100,6117.98,336.59,2056176.23,6108.84
2018-06-23 16:00:00,6117.98,6141.99,6110.29,6135.68,113.36,693788.18,6120.31
2018-06-23 17:00:00,6133.99,6146.68,6119.34,6136.23,69.44,425858.03,6133.07
2018-06-23 18:00:00,6144.74,6146.6,6122.55,6140.6,82.49,505744.72,6131.19
2018-06-23 19:00:00,6133.4,6164.53,6126.3,6146.81,219.23,1346657.44,6142.7
2018-06-23 20:00:00,6146.81,6148.68,6126,6143.46,64.73,397212.48,6136.47
2018-06-23 21:00:00,6136.5,6255.05,6134.37,6231.62,320.02,1980799.28,6189.53
2018-06-23 22:00:00,6231.6,6261,6192.89,6198.56,199.94,1245212.78,6227.81
2018-06-23 23:00:00,6202.21,6206.8,6160.06,6177.38,147.75,912882.77,6178.7
2018-06-24 00:00:00,6169.91,6196.49,6113.45,6135.87,384.26,2364706.28,6153.94
2018-06-24 01:00:00,6129.03,6136.12,6085.59,6112,245.28,1498431.88,6109.17
2018-06-24 02:00:00,6111.9,6132.12,6105.69,6117.52,125.68,768875.12,6117.95
2018-06-24 03:00:00,6120.52,6123.54,6055.28,6087.14,133.97,815346.5,6086.1
2018-06-24 04:00:00,6087.43,6091.76,5903.28,5920.57,970.88,5789424.98,5963.06
2018-06-24 05:00:00,5920.57,5942.02,5879.9,5910.92,590.89,3487773.4,5902.55
2018-06-24 06:00:00,5910.89,5910.91,5832.68,5891.99,801.51,4697320.4,5860.55
2018-06-24 07:00:00,5891.99,5920.72,5870,5884.75,286.2,1686069.82,5891.23
2018-06-24 08:00:00,5884.26,5897.9,5832.68,5873.91,554.25,3254329.11,5871.57
2018-06-24 09:00:00,5873.92,5920.72,5842,5899.99,854.49,5033256.18,5890.36
2018-06-24 10:00:00,5900,5964.47,5895.99,5947.22,598.99,3553620.93,5932.73
2018-06-24 11:00:00,5947.22,5951.58,5905.96,5925,485.75,2877746.4,5924.38
2018-06-24 12:00:00,5925,5926.24,5895.99,5926.09,256.18,1513106.93,5906.48
2018-06-24 13:00:00,5920.16,5950.36,5910.01,5948.99,247.48,1467287.13,5928.89
2018-06-24 14:00:00,5948.99,5950.36,5919.91,5927.81,206.14,1224698.23,5941
2018-06-24 15:00:00,5927.81,5927.81,5780,5788.72,1039.79,6064389.24,5832.31
2018-06-24 16:00:00,5789.74,6254,5780,6207.96,1723.52,10452425.78,6064.57
2018-06-24 17:00:00,6206.57,6255.05,6146.68,6200,584.59,3622934.64,6197.39
2018-06-24 18:00:00,6200,6208.37,6162.04,6193.92,256.09,1584470.16,6187.26
2018-06-24 19:00:00,6189.27,6215.99,6164.84,6192.99,252.09,1560179,6189.08
2018-06-24 20:00:00,6192.99,6208.18,6163.48,6196.34,190.22,1175436.07,6179.36
2018-06-24 21:00:00,6194.34,6205.43,6162.04,6165.96,83.23,514128.57,6177.49
2018-06-24 22:00:00,6166.85,6172,6117,6150.49,297.22,1825411.2,6141.6
2018-06-24 23:00:00,6149.6,6175.77,6126.17,6153.4,254.9,1567992.55,6151.29
2018-06-25 00:00:00,6153.6,6192.89,6136.42,6162.96,194.39,1199078.48,6168.54
2018-06-25 01:00:00,6169.92,6170.43,6140.48,6148.44,126.75,780036.51,6153.9
2018-06-25 02:00:00,6148.43,6152.44,6116.06,6137.11,146.31,896765.55,6129.27
2018-06-25 03:00:00,6128.8,6149.12,6121.68,6136,119.13,730809.61,6134.45
2018-06-25 04:00:00,6136,6192.89,6136,6138.49,273.81,1687251.23,6162.17
2018-06-25 05:00:00,6142.31,6164.98,6132.7,6152.98,244.56,1503383.08,6147.34
2018-06-25 06:00:00,6152.97,6193.11,6140.63,6158.1,389.67,2403367.86,6167.66
2018-06-25 07:00:00,6162.33,6170.56,6142.78,6155.69,251.48,1548091.98,6155.82
2018-06-25 08:00:00,6150.11,6186.9,6142.89,6156.97,444.71,2740832.28,6163.25
2018-06-25 09:00:00,6163.47,6179.99,6148.26,6174.36,247.95,1528200.52,6163.42
2018-06-25 10:00:00,6174.36,6223.99,6168.84,6189.72,1115.85,6906872.87,6189.77
2018-06-25 11:00:00,6186.79,6239.35,6186.79,6230.63,391.17,2431253.66,6215.32
2018-06-25 12:00:00,6237.51,6265.55,6075.01,6117.81,1319.79,8125928.52,6156.96
2018-06-25 13:00:00,6109.27,6146.68,6090.58,6134.32,415.62,2544457.97,6122.12
2018-06-25 14:00:00,6132.23,6365.34,6116.32,6301.25,1687.48,10558167.69,6256.75
2018-06-25 15:00:00,6290.99,6313.31,6267.56,6289.31,377.39,2374293.5,6291.41
2018-06-25 16:00:00,6297.96,6324.99,6252.1,6277.66,340.11,2139620.9,6291.01
2018-06-25 17:00:00,6279.41,6292.48,6254.83,6279.01,109.87,689444.42,6274.84
2018-06-25 18:00:00,6281.05,6300.42,6252.1,6266.44,204.1,1280844.47,6275.45
2018-06-25 19:00:00,6266.14,6275,6200,6257.43,808.51,5045506.91,6240.48
2018-06-25 20:00:00,6257.43,6280,6238.54,6251.24,108.24,677687.98,6260.75
2018-06-25 21:00:00,6252.13,6263.44,6240.31,6259,155,969292.93,6253.61
2018-06-25 22:00:00,6259,6268.23,6225.45,6238.5,140.61,879644.94,6255.94
2018-06-25 23:00:00,6238.93,6253.96,6228.01,6253.61,77.18,481815.81,6242.92
2018-06-26 00:00:00,6252.28,6259.87,6182.56,6197.62,197.76,1230470.86,6222.01
2018-06-26 01:00:00,6197.39,6237.01,6187.47,6225.13,261.25,1622706.91,6211.21
2018-06-26 02:00:00,6228.49,6242.69,6218.95,6233.39,100.22,624294.4,6228.95
2018-06-26 03:00:00,6239.77,6246.52,6220.85,6234.87,51.93,323668.7,6232.3
2018-06-26 04:00:00,6233.07,6259.9,6216.69,6247.06,185.83,1159431.76,6239.05
2018-06-26 05:00:00,6240.12,6277,6239.99,6252.38,323.33,2024493.07,6261.36
2018-06-26 06:00:00,6248.09,6270,6235,6242.87,222.85,1394325.06,6256.77
2018-06-26 07:00:00,6235.04,6241.87,6205.88,6220.01,210.27,1308341.14,6222.15
2018-06-26 08:00:00,6223.48,6232.19,6187.41,6224.32,400.73,2488989.25,6211.15
2018-06-26 09:00:00,6216.91,6229.67,6152,6195.76,567.39,3512722.33,6190.98
2018-06-26 10:00:00,6187.14,6231.49,6186.47,6222,257.99,1600666.37,6204.33
2018-06-26 11:00:00,6222,6229.82,6191.55,6204.9,125.81,781559.95,6212.29
2018-06-26 12:00:00,6200,6223.36,6188.12,6214.33,139.17,863880.81,6207.36
2018-06-26 13:00:00,6214.33,6245.68,6150,6172.49,531.11,3287378.82,6189.69
2018-06-26 14:00:00,6175.14,6200.91,6120,6184.09,486.62,3001001.72,6167.03
2018-06-26 15:00:00,6183.2,6195.12,6158.22,6188,258.27,1595253.45,6176.76
2018-06-26 16:00:00,6193.1,6233.82,6164.13,6184.18,714.64,4421955.71,6187.63
2018-06-26 17:00:00,6184.04,6195,6171.5,6192.39,173.48,1072386.99,6181.67
2018-06-26 18:00:00,6192.4,6203.15,6165.02,6171.9,383.3,2368954.49,6180.37
2018-06-26 19:00:00,6171.9,6186.75,6158.79,6171.1,462.84,2854544.93,6167.43
2018-06-26 20:00:00,6167.38,6196.29,6167.37,6189.84,159.61,986799.46,6182.57
2018-06-26 21:00:00,6189.81,6264,6180,6224.11,250.32,1556268.95,6217.04
2018-06-26 22:00:00,6220.36,6224.13,6103,6163.52,612.86,3767032,6146.65
2018-06-26 23:00:00,6160.78,6160.78,6025.68,6068,674.01,4104641.25,6089.86
2018-06-27 00:00:00,6073.99,6100.81,6025.11,6084.27,520.67,3156500.64,6062.35
2018-06-27 01:00:00,6082.55,6117.57,6059.49,6085.84,333.84,2033561.02,6091.48
2018-06-27 02:00:00,6078.69,6088.01,6054.01,6073.02,185.97,1129277.9,6072.21
2018-06-27 03:00:00,6074.21,6085.01,6029.41,6031.91,333.44,2018865.01,6054.64
2018-06-27 04:00:00,6042.82,6070.3,6031.71,6062.53,288.1,1743131.03,6050.43
2018-06-27 05:00:00,6055.24,6094.79,6055.24,6079.88,244.28,1484474.74,6077.03
2018-06-27 06:00:00,6079.88,6094.79,6065.52,6074.07,171.41,1041831.89,6077.99
2018-06-27 07:00:00,6067.95,6089.98,6059.85,6078,154.68,939351.62,6072.81
2018-06-27 08:00:00,6078.74,6118.98,6062.7,6071.05,350.7,2134455.99,6086.27
2018-06-27 09:00:00,6079.99,6104.97,6068.07,6102.12,323.17,1964129.71,6077.66
2018-06-27 10:00:00,6102.37,6137.43,6083.1,6120.54,314.62,1923007.48,6112.1
2018-06-27 11:00:00,6111.29,6116.7,6080.9,6094,225.33,1374999.23,6102.14
2018-06-27 12:00:00,6096.49,6099.88,6052.38,6091.9,251.34,1527321.02,6076.79
2018-06-27 13:00:00,6089.34,6105,6077.74,6085.85,327.63,1996859.93,6094.83
2018-06-27 14:00:00,6088.9,6095,5985,6053.99,623.48,3766642.06,6041.3
2018-06-27 15:00:00,6054.99,6153.12,6053.04,6105.85,1096.81,6702432.12,6110.82
2018-06-27 16:00:00,6104.99,6137.19,6088.84,6125.53,308.44,1884484.52,6109.63
2018-06-27 17:00:00,6123.53,6136.82,6106.87,6121.39,177.32,1085502.98,6121.73
2018-06-27 18:00:00,6116.39,6132.29,6112.11,6121.99,112.71,689878.58,6121.08
2018-06-27 19:00:00,6121.99,6159.19,6108,6142.79,326.43,2000385.86,6128.05
2018-06-27 20:00:00,6142.09,6143.31,6115,6125.92,208.62,1278194.94,6126.97
2018-06-27 21:00:00,6125.92,6134.99,6115,6123.72,49.54,303148.85,6119.72
2018-06-27 22:00:00,6123.99,6159.73,6116.32,6133.11,167.54,1027939.13,6135.62
2018-06-27 23:00:00,6141.02,6181.11,6115,6135.64,350.79,2155514.68,6144.83
2018-06-28 00:00:00,6135.64,6165.49,6123.95,6146.55,131.5,807929.82,6143.78
2018-06-28 01:00:00,6142.99,6146.6,6109.01,6131.77,205.19,1257303.49,6127.63
2018-06-28 02:00:00,6128.05,6147.5,6095,6111.95,344.32,2105806.49,6115.91
2018-06-28 03:00:00,6111.95,6127.93,6070.42,6095.52,416.4,2537806.7,6094.71
2018-06-28 04:00:00,6095.52,6109.42,6075.59,6100.1,280.37,1707658.44,6090.68
2018-06-28 05:00:00,6100.19,6117.65,6091.35,6114.25,101.7,620630.75,6102.74
2018-06-28 06:00:00,6114.99,6118.18,6089.69,6101.89,196.8,1200721.41,6101.18
2018-06-28 07:00:00,6101.89,6113.99,6088.43,6113.99,177.01,1079473.53,6098.28
2018-06-28 08:00:00,6112.16,6136.13,6106.73,6111.56,204.55,1251011.66,6115.93
2018-06-28 09:00:00,6111.56,6116.99,6083,6102.83,222.07,1354454.02,6099.27
2018-06-28 10:00:00,6100.91,6111.66,6080.1,6087.61,109.03,664433.14,6093.97
2018-06-28 11:00:00,6087.61,6117.65,6084.54,6109.99,126.31,770128.74,6097.04
2018-06-28 12:00:00,6109.99,6130.1,6096.74,6106.85,288.64,1764808.25,6114.3
2018-06-28 13:00:00,6104.02,6110,6090.64,6108.53,131.09,799358.72,6097.97
2018-06-28 14:00:00,6106.9,6127.49,6060,6113.93,619.68,3779953.54,6099.85
2018-06-28 15:00:00,6113.09,6118.15,6091.2,6091.2,189.82,1158389.48,6102.69
2018-06-28 16:00:00,6096.91,6112.42,6089.74,6101.41,114.59,699080.44,6100.87
2018-06-28 17:00:00,6101.41,6107.53,6093.72,6099.68,83.67,510513.98,6101.65
2018-06-28 18:00:00,6098.43,6108.99,6089.37,6096.78,88.64,540736.58,6100.31
2018-06-28 19:00:00,6096.17,6109.08,6052.01,6088.98,543.05,3300637.08,6078
2018-06-28 20:00:00,6084.01,6098.73,6025.11,6048.02,375.01,2272557.54,6060.04
2018-06-28 21:00:00,6043.72,6047.13,5898.85,5915,1969.25,11733448.64,5958.32
2018-06-28 22:00:00,5914.57,5959.26,5856.86,5941.99,664.24,3933184.27,5921.34
2018-06-28 23:00:00,5941.99,5941.99,5818.14,5848.33,1295.49,7603260.9,5869.01
2018-06-29 00:00:00,5845.2,5900,5842.72,5883.25,743.31,4371182.63,5880.71
2018-06-29 01:00:00,5883.08,5905.56,5845.03,5868.5,557.67,3275156.25,5872.95
2018-06-29 02:00:00,5868.02,5886.56,5845.01,5862.59,333.48,1955509.55,5863.91
2018-06-29 03:00:00,5860.56,5883.56,5847.74,5872.5,279.2,1637760.88,5865.94
2018-06-29 04:00:00,5872.54,5875,5841.1,5848.77,470.63,2757195.73,5858.49
2018-06-29 05:00:00,5848.77,5949,5774.72,5889.09,1228.38,7188073.92,5851.68
2018-06-29 06:00:00,5892.23,5905.57,5866.6,5886.45,331.38,1950450.28,5885.93
2018-06-29 07:00:00,5885.36,5902.06,5868.09,5889.53,309.97,1824387.1,5885.67
2018-06-29 08:00:00,5886.06,5924.47,5886.06,5888.8,412.51,2435116.48,5903.17
2018-06-29 09:00:00,5888,5920,5885,5914.9,178.06,1050566.62,5899.91
2018-06-29 10:00:00,5918.03,5920,5870.85,5881.71,334.61,1970421.06,5888.75
2018-06-29 11:00:00,5885,5885,5832.68,5873.57,619.02,3628770.27,5862.11
2018-06-29 12:00:00,5871.42,5901,5847,5864.77,385.26,2261290.37,5869.46
2018-06-29 13:00:00,5864.98,5871.88,5809.82,5860.82,597.41,3490381.48,5842.5
2018-06-29 14:00:00,5859.13,5909.99,5858.21,5901,482.05,2836996.79,5885.23
2018-06-29 15:00:00,5901,5909.99,5876.92,5896.02,311.07,1831888.34,5888.93
2018-06-29 16:00:00,5900.8,5908.54,5862.91,5876.08,226.63,1332546.02,5879.71
2018-06-29 17:00:00,5872.03,5905,5868.97,5895,266.19,1567230.25,5887.64
2018-06-29 18:00:00,5890.2,5899.36,5877.7,5881.68,208.46,1227275.8,5887.26
2018-06-29 19:00:00,5881.68,5891.74,5861.57,5876.69,405.53,2383720.17,5878.1
2018-06-29 20:00:00,5877.48,5950.35,5877.48,5893.56,573.91,3398672.85,5922.01
2018-06-29 21:00:00,5893.97,5927.29,5890.26,5920.74,162.06,957752.86,5909.7
2018-06-29 22:00:00,5920.96,6299,5915.34,6249,2167.72,13295138.7,6133.25
2018-06-29 23:00:00,6249,6277.39,6187.35,6204.24,482.85,3009247.9,6232.2
2018-06-30 00:00:00,6204.01,6254.2,6190.28,6234.42,398.16,2479846.37,6228.22
2018-06-30 01:00:00,6232.04,6510,6228.98,6413.99,1447.78,9243738.73,6384.77
2018-06-30 02:00:00,6413.99,6442.99,6381.25,6394.77,459.18,2940820.52,6404.54
2018-06-30 03:00:00,6396.47,6441.99,6365.34,6369.58,532.52,3405624,6395.29
2018-06-30 04:00:00,6368.54,6404.09,6360,6381.01,349.9,2230165.14,6373.63
2018-06-30 05:00:00,6391.03,6411.11,6376.86,6390.9,327.57,2095025.88,6395.73
2018-06-30 06:00:00,6391.62,6403.43,6379.44,6382.41,208.86,1334917.44,6391.49
2018-06-30 07:00:00,6381.91,6420.58,6380.45,6400,157.07,1005493.31,6401.54
2018-06-30 08:00:00,6407.65,6408.34,6374.37,6388.4,231.16,1478197.95,6394.59
2018-06-30 09:00:00,6396.03,6411.46,6371.6,6411.46,143.38,916148.33,6389.51
2018-06-30 10:00:00,6401.33,6415,6372.8,6379.02,145.29,928699.47,6391.96
2018-06-30 11:00:00,6379.02,6402.59,6373.85,6396.22,135.66,867071.04,6391.48
2018-06-30 12:00:00,6389.84,6449.78,6381.35,6391.14,324.64,2081602.06,6411.97
2018-06-30 13:00:00,6391.14,6405.32,6381.25,6381.91,120.34,768976.73,6390.13
2018-06-30 14:00:00,6381.65,6393.19,6337.42,6359.05,367.33,2336622.68,6361.02
2018-06-30 15:00:00,6358.53,6381.8,6317.84,6372.83,192.95,1225013.78,6348.73
2018-06-30 16:00:00,6370,6375.53,6328.99,6344.21,325.33,2065866.87,6349.99
2018-06-30 17:00:00,6349.38,6366.26,6327.21,6345.08,159.28,1010967.33,6347.28
2018-06-30 18:00:00,6340.96,6350,6305.61,6324.53,189.68,1200066.31,6326.67
2018-06-30 19:00:00,6315.49,6338.61,6309.17,6325.68,214.76,1358304.87,6324.71
2018-06-30 20:00:00,6325.67,6370.41,6319.62,6361.18,117.39,744580.69,6342.94
2018-06-30 21:00:00,6362.99,6363.62,6326.88,6335.52,51.98,329816.47,6345.33
2018-06-30 22:00:00,6329.62,6348.53,6318.08,6336.48,91.19,577172.92,6329.48
2018-06-30 23:00:00,6346.28,6420,6332.49,6385.71,223.67,1427686.78,6382.98
