Date,Volume,Close Off High,Day Diff,Volatility,Movement
2018-04-30 00:00:00,8673920000,5247.639609448021,196.8574523318753,0.032922382615946544,Up
2018-04-29 00:00:00,8853000000,-3344.1885250755145,-77.75177849035092,0.0361400794529665,Down
2018-04-28 00:00:00,7805480000,-7350.135388460714,-457.76668564658985,0.05370684630847936,Down
2018-04-27 00:00:00,7566290000,10000.0,326.75932633201404,0.041807713793359555,Up
2018-04-26 00:00:00,8970560000,-10000.0,-467.0971612618024,0.06252396439961568,Down
2018-04-25 00:00:00,11083100000,9029.064602106873,881.6486496794679,0.09746181591026927,Up
2018-04-24 00:00:00,10678800000,-9127.46340614825,-854.1873266519966,0.09007716294656355,Down
2018-04-23 00:00:00,6925190000,-6739.7195711087425,-155.2012135008793,0.019300940713341094,Down
2018-04-22 00:00:00,6629900000,7941.719587443259,137.36602330964763,0.024877143683067548,Up
2018-04-21 00:00:00,7548550000,-4094.7252619998985,-52.87728604701778,0.03903584557888706,Down
2018-04-20 00:00:00,8438110000,-8917.711463134556,-674.4999324233014,0.07671041453478254,Down
2018-04-19 00:00:00,7063210000,-9452.191857919956,-165.50500228574253,0.0195985670286681,Down
2018-04-18 00:00:00,6529910000,-7794.669489079232,-275.65224943765605,0.03924636506332097,Down
2018-04-17 00:00:00,6900880000,8992.18286166634,210.08070211084177,0.050081395896259116,Up
2018-04-16 00:00:00,5631310000,4030.802388756658,334.5099351489698,0.053423239624974674,Up
2018-04-15 00:00:00,5244480000,-9450.883246335812,-412.25952673536494,0.04238980014576223,Down
2018-04-14 00:00:00,5191430000,482.84754504429594,-141.6821276320147,0.03742506035173538,Down
2018-04-13 00:00:00,7764460000,3551.984565795363,6.492775047493585,0.05379384363423271,Down
2018-04-12 00:00:00,8906250000,-9817.336554652618,-1342.6584888244781,0.15710428474073299,Down
2018-04-11 00:00:00,4641890000,-10000.0,-182.43668782065157,0.022025376015383943,Down
2018-04-10 00:00:00,4272750000,-5524.783073814383,-57.862331210341964,0.02476072189585961,Down
2018-04-09 00:00:00,4894060000,5786.251259397046,388.3838326481479,0.07326754037295295,Up
2018-04-08 00:00:00,3652500000,-809.0614886731828,-149.62470989800676,0.027685051112864612,Down
2018-04-07 00:00:00,3976610000,-3359.9980953741447,-423.1650355704161,0.06334806824814376,Down
2018-04-06 00:00:00,3766810000,5658.607384332206,263.557884729371,0.04144537233199722,Up
2018-04-05 00:00:00,5639320000,-1533.4578921874154,54.288071371729295,0.042201017718820434,Up
2018-04-04 00:00:00,4936000000,8499.699699699699,808.1234803343697,0.08931912274137287,Up
2018-04-03 00:00:00,5499700000,-6735.521867161088,-498.22169281327274,0.06454987567337718,Down
2018-04-02 00:00:00,4333440000,-6759.384113644202,-349.0794552408676,0.046588242856683754,Down
2018-04-01 00:00:00,4532100000,-1884.3618933493,226.8008556259704,0.07626380467966859,Up
2018-03-31 00:00:00,4553270000,3610.1995179043756,-117.59192627327201,0.04995734481637958,Down
2018-03-30 00:00:00,6289510000,3029.2038533564923,391.73388924136594,0.08265134665932267,Up
2018-03-29 00:00:00,6361230000,8152.801358234301,1019.3794514899605,0.11441809634456145,Up
2018-03-28 00:00:00,4935290000,736.3253856942897,-150.12447635076893,0.04003149232534076,Down
2018-03-27 00:00:00,5378250000,8357.749712973588,447.51219512195127,0.053109756097561085,Up
2018-03-26 00:00:00,5921040000,537.4188778444267,340.14357878535753,0.07161877373221294,Up
2018-03-25 00:00:00,4569880000,5991.584732300002,135.87899884009846,0.0270422777235304,Up
2018-03-24 00:00:00,5664600000,9853.546356814326,262.6727851762815,0.03712445026089784,Up
2018-03-23 00:00:00,5954120000,-10000.0,-164.1093146372881,0.05940764057805122,Down
2018-03-22 00:00:00,5530390000,3894.477520016428,235.99912298757098,0.05993775896476731,Up
2018-03-21 00:00:00,6043130000,4988.521024649559,9.174845705947211,0.03703952344508753,Down
2018-03-20 00:00:00,6361790000,-5838.942416771259,-340.8483155387611,0.0767001520939898,Down
2018-03-19 00:00:00,6729110000,-8167.2644740308,-343.39151402424557,0.059139849378964,Down
2018-03-18 00:00:00,6639190000,-9484.849915046256,-422.22819281872404,0.10740990454368031,Down
2018-03-17 00:00:00,4426150000,6100.504019036548,486.7031727091494,0.06413311367222199,Up
2018-03-16 00:00:00,5289380000,-1487.306843267122,-18.551203845770903,0.06966794066017766,Down
2018-03-15 00:00:00,6834430000,-6048.659538199295,-12.182236610395625,0.07783363648205957,Down
2018-03-14 00:00:00,6438230000,6873.669654925978,1025.3672141644015,0.13969711274980603,Up
2018-03-13 00:00:00,5991140000,758.8980651711097,-23.77619633185889,0.05583645116558945,Up
2018-03-12 00:00:00,6457400000,4930.229239503796,414.2589813733928,0.1021636104813843,Up
2018-03-11 00:00:00,6296370000,-7587.552160178129,-819.9119372671618,0.12479356767026838,Down
2018-03-10 00:00:00,5386320000,8932.062317706463,518.2453727518799,0.07516637987549453,Up
2018-03-09 00:00:00,8704190000,-7297.864305794464,81.93578333434371,0.10125877750621631,Up
2018-03-08 00:00:00,7186090000,8542.506130395685,559.1452091355625,0.08154900195348601,Up
2018-03-07 00:00:00,8797910000,5580.177471754852,775.9512768537287,0.11453086385471906,Up
2018-03-06 00:00:00,6832170000,7875.403325887311,626.2554238658801,0.0700689559221225,Up
2018-03-05 00:00:00,6468540000,53.80476556500646,-35.4652977697614,0.022562519510249446,Down
2018-03-04 00:00:00,6084150000,-10000.0,-13.220380259885477,0.03274653399899108,Down
2018-03-03 00:00:00,6690570000,-8535.564853556489,-349.3095776398644,0.04736126248660149,Down
2018-03-02 00:00:00,7620590000,-3945.1165535555933,-99.29491500719661,0.030872519904531097,Down
2018-03-01 00:00:00,7317280000,-7104.0594625500435,-545.0168512277323,0.06736639383726514,Down
2018-02-28 00:00:00,6936190000,9862.207549878018,270.69765701025625,0.06519013399206516,Up
2018-02-27 00:00:00,6966180000,-5164.4528779253715,-319.1294894120597,0.0608433792897757,Down
2018-02-26 00:00:00,7287690000,-7774.51272514309,-721.1076557770215,0.10065433019319654,Down
2018-02-25 00:00:00,5706940000,15.886546807186708,134.42665790156047,0.05268863523613727,Up
2018-02-24 00:00:00,6917930000,4932.53858678575,461.35676584659444,0.1020859861776686,Up
2018-02-23 00:00:00,7739500000,-5052.740654143558,-366.33534834714925,0.07575069914974936,Down
2018-02-22 00:00:00,8040080000,8801.647257752205,614.7986942328615,0.10318655960376724,Up
2018-02-21 00:00:00,9405340000,5501.383862039613,599.532192539703,0.082604948910501,Up
2018-02-20 00:00:00,9926540000,5269.024356680851,-153.04759700137242,0.06470022614362798,Down
2018-02-19 00:00:00,7652090000,-8724.691033394685,-637.4732293463212,0.07207702367189114,Down
2018-02-18 00:00:00,8744010000,5588.982223090457,513.8716579463118,0.09204020353489036,Up
2018-02-17 00:00:00,8660880000,-9458.640541359473,-886.7989223610098,0.09699730590252269,Down
2018-02-16 00:00:00,7296160000,-6386.796987662209,-96.8852669277888,0.04925954793452851,Down
2018-02-15 00:00:00,9062540000,-8369.914920998077,-714.6470608073927,0.08844769147752177,Down
2018-02-14 00:00:00,7909820000,-9479.436546123497,-1040.370142978073,0.10681727271881608,Down
2018-02-13 00:00:00,5696720000,4318.769132906621,367.89548680814437,0.05635440564955544,Up
2018-02-12 00:00:00,6256440000,-8594.417932716779,-964.376037133525,0.10372747785094262,Down
2018-02-11 00:00:00,6122190000,4193.830927112674,564.2440399576132,0.07950553206602023,Up
2018-02-10 00:00:00,7780960000,2106.446776611686,112.59071017697119,0.0948477536903331,Up
2018-02-09 00:00:00,6784820000,-10000.0,-562.3174529487991,0.10303269889166129,Down
2018-02-08 00:00:00,9346750000,-3632.8197109380935,-821.8663342873533,0.12057173082512651,Down
2018-02-07 00:00:00,9169280000,3955.7658450704225,173.02581784000702,0.16405410876682203,Up
2018-02-06 00:00:00,13999800000,-8927.010053039216,-995.8520934519801,0.25560180097139,Down
2018-02-05 00:00:00,9285290000,7530.220873544919,1590.307283442194,0.19444437727161706,Up
2018-02-04 00:00:00,7073550000,6229.202623403523,979.423913161939,0.1420763538476629,Up
2018-02-03 00:00:00,7263790000,-5660.492570730715,-364.64711278202174,0.13320199003176647,Down
2018-02-02 00:00:00,12726900000,-5370.302944738772,340.757447813894,0.1472050735702692,Up
2018-02-01 00:00:00,9959400000,5147.238100398226,1042.0325671807982,0.1442294354956872,Up
2018-01-31 00:00:00,8041160000,-4687.013803833298,-111.69149799172912,0.059771274806592695,Down
2018-01-30 00:00:00,8637860000,8896.931549960682,1061.7504510560018,0.11241023101142676,Up
2018-01-29 00:00:00,7107360000,6634.118322803015,390.5405980179494,0.059240355578239944,Up
2018-01-28 00:00:00,8350360000,-1008.8495575221235,-271.01687973299175,0.04923618554634737,Down
2018-01-27 00:00:00,7583270000,-4431.836343295534,-237.8544774449893,0.055991552497113975,Down
2018-01-26 00:00:00,9746200000,-1818.9480782198164,75.15991471215384,0.10540156361051896,Up
2018-01-25 00:00:00,8873170000,4452.8353700398275,142.097936384252,0.06376458845881094,Up
2018-01-24 00:00:00,9940990000,-6703.806870937792,-418.2181704789332,0.07902122273786162,Down
2018-01-23 00:00:00,9660610000,-1839.089670646672,69.53264196628476,0.11402074101146692,Up
2018-01-22 00:00:00,10537400000,1991.6579770594444,603.1926141785085,0.14838693039688466,Up
2018-01-21 00:00:00,9935180000,6119.922871182437,1000.1396518015085,0.12473233404710912,Up
2018-01-20 00:00:00,11801700000,-7182.74813381256,-1066.3852713577323,0.12412278444089833,Down
2018-01-19 00:00:00,10740400000,-608.0175459973158,-155.38329629564856,0.07180353112040447,Down
2018-01-18 00:00:00,15020400000,858.5164835164849,-246.54427260063613,0.10401114405114828,Down
2018-01-17 00:00:00,18830600000,-5698.924731182798,212.14056390023705,0.19908057842202403,Up
2018-01-16 00:00:00,18853800000,2897.3192259196303,1695.2754027507756,0.26367256669148104,Up
2018-01-15 00:00:00,12750800000,5568.549390395654,-38.133838879083044,0.05838472322096557,Down
2018-01-14 00:00:00,11084100000,1895.8031837916024,416.6782642580784,0.08655050519108187,Up
2018-01-13 00:00:00,12763600000,-1534.436430490762,-292.27946446489574,0.05067945299733382,Down
2018-01-12 00:00:00,12065700000,-5348.012688934514,-391.4849969153931,0.07966463256007547,Down
2018-01-11 00:00:00,16534100000,6864.446651680698,1043.8128833126236,0.1277975975735225,Up
2018-01-10 00:00:00,18500800000,-10000.0,-263.7694074099457,0.08788429242211321,Down
2018-01-09 00:00:00,16660000000,6806.707033069406,349.3192803348394,0.07098130748427964,Up
2018-01-08 00:00:00,18413900000,1742.2844143022753,792.719194960003,0.1413978951457254,Up
2018-01-07 00:00:00,15866000000,4773.108117166052,598.8942963263029,0.08511864348758781,Up
2018-01-06 00:00:00,18314600000,-6087.782232538492,-37.1662056682767,0.054277549664702586,Down
2018-01-05 00:00:00,23840900000,-7796.515345268537,-1261.4038715013046,0.1616829917556148,Down
2018-01-04 00:00:00,21783200000,-7691.991786447638,-215.11784004662522,0.07972784482702168,Down
2018-01-03 00:00:00,16871900000,210.07826445145207,-148.74951596319934,0.04862400021364378,Down
2018-01-02 00:00:00,16846600000,-5944.761069706269,-996.0366972477067,0.16741284403669726,Down
2018-01-01 00:00:00,10291200000,-496.0835509138384,322.41606553195106,0.06784909510919629,Up
2017-12-31 00:00:00,12136300000,-7274.633123689727,-975.9104336432068,0.12574334958946162,Down
2017-12-30 00:00:00,14452600000,4835.749206621489,1178.1172736498675,0.1588214059488213,Up
2017-12-29 00:00:00,13025500000,2814.814814814799,26.946474502918214,0.06614134650716531,Down
2017-12-28 00:00:00,12336500000,3140.2798421403254,792.7332782824114,0.12298838257449211,Up
2017-12-27 00:00:00,12487600000,2026.8633711328876,201.07031274167107,0.11238902465431387,Up
2017-12-26 00:00:00,13454300000,-7028.3270978086475,-1469.8716213328005,0.17328270378866684,Down
2017-12-25 00:00:00,10664700000,-98.76759024561754,-21.93499524860904,0.08174536828642677,Down
2017-12-24 00:00:00,11572300000,-2544.321993291796,467.1348968387628,0.12857846962664798,Up
2017-12-23 00:00:00,13086000000,189.35978358880945,-538.0429717464709,0.1272089872174469,Down
2017-12-22 00:00:00,22198000000,274.42584663293303,1299.6603346332877,0.258548245062272,Up
2017-12-21 00:00:00,16516600000,5863.3707865168635,504.43445656876514,0.1336946594241215,Up
2017-12-20 00:00:00,22149700000,4109.854604200347,639.4599190328996,0.10455904461073293,Up
2017-12-19 00:00:00,16894500000,4729.8149705635,701.736033015487,0.09950675530774168,Up
2017-12-18 00:00:00,14839500000,-4940.399960595022,-4.082401708327718,0.053128794540049325,Up
2017-12-17 00:00:00,13314600000,7009.597273298045,172.0083385534869,0.057245401986054566,Up
2017-12-16 00:00:00,12740600000,-8007.631507222684,-978.0803252197329,0.1239506089424166,Down
2017-12-15 00:00:00,14310000000,-4240.082431736253,-665.971941956354,0.09353484365682202,Down
2017-12-14 00:00:00,13777400000,1596.8440937881878,-109.49306055686527,0.05492352574978942,Down
2017-12-13 00:00:00,12976900000,5432.0069418619,623.8857142857138,0.09219428571428559,Up
2017-12-12 00:00:00,14603800000,-3944.80251198153,-292.91126372652286,0.07152566815210586,Down
2017-12-11 00:00:00,12153900000,-4527.52358826038,-978.3890999131413,0.1367113058584079,Down
2017-12-10 00:00:00,13433300000,-6987.804878048775,-189.209145328446,0.17299121858600774,Down
2017-12-09 00:00:00,13911300000,326.56606930278275,814.0625661944034,0.18810407122063996,Up
2017-12-08 00:00:00,21136000000,-1116.643844142915,692.8646456476191,0.22560931084261562,Up
2017-12-07 00:00:00,17950700000,-10000.0,-2547.0170544157127,0.2693378008004992,Down
2017-12-06 00:00:00,12656300000,-9365.416854070407,-1986.0945703406749,0.20511766777932475,Down
2017-12-05 00:00:00,6895260000,-4604.585868039337,-197.67750327323137,0.03657461683938486,Down
2017-12-04 00:00:00,6132410000,-10000.0,-302.0662106509722,0.05085105254785527,Down
2017-12-03 00:00:00,6608310000,745.4600180595894,-217.00488148194933,0.08993295857507654,Down
2017-12-02 00:00:00,5138500000,1833.293182365703,-87.7184992211919,0.0378109543371925,Down
2017-12-01 00:00:00,6783120000,-8948.263747642464,-761.8692761751612,0.13257211774165092,Down
2017-11-30 00:00:00,8310690000,-2902.842490384322,-329.88485674976397,0.16139940384322274,Down
2017-11-29 00:00:00,11568800000,6998.70066845129,187.33998848909349,0.19016512195606,Up
2017-11-28 00:00:00,6348820000,-6563.944530046163,-239.6006282937823,0.039639922104601086,Down
2017-11-27 00:00:00,5653320000,-10000.0,-497.85516940526503,0.049785516940526506,Down
2017-11-26 00:00:00,5475580000,-4851.607032943481,-616.1196217106742,0.0850309021235539,Down
2017-11-25 00:00:00,4342060000,-10000.0,-666.3787005366617,0.07277251929514633,Down
2017-11-24 00:00:00,5058610000,-4438.519954758467,-222.52855454903514,0.05365728596163987,Down
2017-11-23 00:00:00,4225180000,10000.0,235.18107764704592,0.027772041621013512,Up
2017-11-22 00:00:00,3633530000,-5704.3961373957445,-217.38188525554065,0.028075192344592374,Down
2017-11-21 00:00:00,4277610000,-531.6153255397315,163.88528030378683,0.07140733194081214,Up
2017-11-20 00:00:00,3488450000,-2969.2903225806012,-200.98095924030977,0.04820209302817377,Down
2017-11-19 00:00:00,3149320000,-6791.64316716117,-348.2603080338346,0.052512029956103635,Down
2017-11-18 00:00:00,3667190000,-5500.415134622223,-120.74504918015697,0.05476659724757414,Down
2017-11-17 00:00:00,4651670000,3330.3269447576267,184.09462193626584,0.05647113350998336,Up
2017-11-16 00:00:00,5123810000,-7579.919069296902,-748.9171459627157,0.10798499025021714,Down
2017-11-15 00:00:00,4200880000,-9244.936324188326,-1026.0808228180065,0.10663384960420569,Down
2017-11-14 00:00:00,3197110000,-1476.437027998565,-113.19092643732884,0.04621365911349262,Down
2017-11-13 00:00:00,6263250000,-4793.6704933291985,-1046.1667999831595,0.1628257483265271,Down
2017-11-12 00:00:00,8957350000,2205.3451954721436,548.6184466559184,0.17568879111104052,Up
2017-11-11 00:00:00,4908680000,5414.16889659605,394.35772767998014,0.10106804903144306,Up
2017-11-10 00:00:00,5208250000,5857.301200964418,774.4785488163052,0.12199093079890101,Up
2017-11-09 00:00:00,3226250000,7563.928064637597,407.22025345012577,0.0463700661892375,Up
2017-11-08 00:00:00,4602200000,-436.8961352656808,-445.72617617323186,0.09275518177159031,Down
2017-11-07 00:00:00,2326340000,-536.0090348362512,-172.68727485013704,0.03278039612137081,Down
2017-11-06 00:00:00,3111900000,9295.26068512522,513.9115141789654,0.059225580220498654,Up
2017-11-05 00:00:00,2380410000,4778.571177318915,-3.9030213977400527,0.038394116026427096,Down
2017-11-04 00:00:00,2483800000,-5107.673642705495,-300.7475769351024,0.06442616910089775,Down
2017-11-03 00:00:00,3369860000,1062.72499181846,-169.63596626751558,0.06466992026841514,Down
2017-11-02 00:00:00,4653770000,-508.53584397232754,-443.70050916451805,0.08979502107625364,Down
2017-11-01 00:00:00,2870320000,-10000.0,-506.66281631493416,0.06046139013223168,Down
2017-10-31 00:00:00,2311380000,-9889.403432307237,-548.5631162324962,0.059866080019308536,Down
2017-10-30 00:00:00,1772150000,-299.75881474671894,-25.642493274568274,0.028478212875213522,Up
2017-10-29 00:00:00,2859040000,-6164.404194829905,-694.0901286658662,0.09229916377614505,Down
2017-10-28 00:00:00,1403920000,3185.0903855382785,60.00532152001888,0.032400800301322544,Up
2017-10-27 00:00:00,1710130000,5987.20961590324,201.43260550464962,0.0439968540986553,Up
2017-10-26 00:00:00,1905040000,-4368.103920494539,-272.9320888316706,0.0444645482302386,Down
2017-10-25 00:00:00,1966990000,-9801.935755365423,-409.44140752271625,0.06452050827209206,Down
2017-10-24 00:00:00,2735700000,8958.594148467564,688.8697199234441,0.07267097069843925,Up
2017-10-23 00:00:00,2401840000,-1532.4084868267385,126.0073260073265,0.05712953712953711,Up
2017-10-22 00:00:00,2034630000,-5221.189067342904,46.780835760171655,0.04703263062686984,Up
2017-10-21 00:00:00,2207100000,4209.999564857881,-58.04772219804329,0.03832216902709623,Down
2017-10-20 00:00:00,2354430000,-7751.801885048982,-531.4193314424567,0.07583595971346034,Down
2017-10-19 00:00:00,1780540000,-6640.255051807404,-223.47029052212434,0.03819841181716913,Down
2017-10-18 00:00:00,2399270000,-9419.514567399085,23.430445660281933,0.08072707545924032,Up
2017-10-17 00:00:00,1821570000,1893.9047095809335,236.9905148060285,0.057062690060924015,Up
2017-10-16 00:00:00,2008070000,-5634.859063873845,-66.84752890953507,0.040794223191978216,Down
2017-10-15 00:00:00,1976040000,-676.4383341803293,270.341126395658,0.06406315327726714,Up
2017-10-14 00:00:00,1669030000,-9519.629358693013,-333.58553954705695,0.04360037068997587,Down
2017-10-13 00:00:00,3615480000,-428.0579997521261,-335.0011712687773,0.07383568563146024,Down
2017-10-12 00:00:00,2791610000,-10000.0,-1278.2270922109167,0.12939220387694164,Down
2017-10-11 00:00:00,1222280000,-2260.4422604422257,-77.73659758834799,0.02549459727514735,Down
2017-10-10 00:00:00,1597140000,7849.366524479602,-12.101645446912395,0.032885907445443084,Down
2017-10-09 00:00:00,1968740000,-3214.399287667774,-341.3139394779955,0.06814576597349237,Down
2017-10-08 00:00:00,1313870000,-8749.656750572012,-408.1793903383311,0.049326473529630877,Down
2017-10-07 00:00:00,906928000,-7233.574859562031,-131.6900683167976,0.028111732866444646,Down
2017-10-06 00:00:00,1069940000,-843.2175975847056,-107.1810121957432,0.021445452148938986,Down
2017-10-05 00:00:00,1161770000,-6552.696510398264,-232.93805025201598,0.0469493224394073,Down
2017-10-04 00:00:00,1116770000,7330.326309112756,208.3868712335369,0.032849697988364124,Up
2017-10-03 00:00:00,1288020000,3249.22226062919,206.37592265779995,0.03937429397113729,Up
2017-10-02 00:00:00,1431730000,3131.400237145665,-30.733812425922203,0.02110418785161313,Down
2017-10-01 00:00:00,1208210000,-10000.0,-144.41206620517985,0.030851982815217373,Down
2017-09-30 00:00:00,1207450000,-8003.745507921224,-414.29534985874204,0.047423135730933805,Down
2017-09-29 00:00:00,1367050000,-4118.854796395533,20.495634789362843,0.04203163279493342,Up
2017-09-28 00:00:00,1712320000,2331.820057779668,53.369802698511954,0.04041094748077867,Up
2017-09-27 00:00:00,1686880000,-9423.177443655253,-790.4822576253423,0.0835435429264258,Down
2017-09-26 00:00:00,1043740000,5509.550955095537,91.79286276126969,0.02545304588879465,Up
2017-09-25 00:00:00,1374210000,-8200.02233222914,-664.0898744560767,0.0729768197350051,Down
2017-09-24 00:00:00,768015000,7533.462282398445,298.48662460650905,0.034047653543721926,Up
2017-09-23 00:00:00,928114000,-7612.963540043634,-447.61317053819374,0.061882906510336344,Down
2017-09-22 00:00:00,1194830000,2461.658689069093,-7.3869493552952745,0.05643298548519572,Up
2017-09-21 00:00:00,1411480000,8850.028072261313,693.1489925592145,0.07760920883666925,Up
2017-09-20 00:00:00,1213830000,4446.619831855367,26.58080462470332,0.04434219530380247,Up
2017-09-19 00:00:00,1563980000,5017.761989342822,365.3109266800698,0.05528021817521283,Up
2017-09-18 00:00:00,1943210000,-9425.16491170565,-1320.2398157662426,0.13593087335600051,Down
2017-09-17 00:00:00,1239150000,-2523.6118081854443,64.88680856727733,0.060774537750812485,Up
2017-09-16 00:00:00,1818400000,1449.9299174583457,34.93917943783943,0.08825510274207964,Up
2017-09-15 00:00:00,4148070000,-7561.607971226317,-1488.2354798976717,0.2485014054258914,Down
2017-09-14 00:00:00,2716310000,9971.567936979947,1858.9708853606237,0.19784949566105942,Up
2017-09-13 00:00:00,2219410000,4581.6523416944265,603.5605206220733,0.08278355655158048,Up
2017-09-12 00:00:00,1864530000,6485.371776587085,91.31949108633424,0.06223014334785358,Up
2017-09-11 00:00:00,1557330000,2374.4376656189515,-94.11833197088198,0.039362324043595326,Down
2017-09-10 00:00:00,1679090000,-1677.9891304347727,251.57589600268727,0.06960896972104386,Up
2017-09-09 00:00:00,1386230000,-1499.1525858970479,8.865646447476363,0.04603280052768328,Up
2017-09-08 00:00:00,2700890000,4757.092622307188,817.3657375639497,0.12720947806373725,Up
2017-09-07 00:00:00,1844620000,-3261.2546576263103,-23.403077700832355,0.03567335056241475,Down
2017-09-06 00:00:00,2172100000,-8327.100473697323,-503.8854450611086,0.054988015783977905,Down
2017-09-05 00:00:00,2697970000,-7611.9889232773885,-350.5909008133307,0.10163210186623907,Down
2017-09-04 00:00:00,2987330000,4706.040601783803,773.8428401243125,0.10524149376147478,Up
2017-09-03 00:00:00,1933190000,-1155.1822995716554,5.037871270394982,0.06466140489000642,Down
2017-09-02 00:00:00,2722140000,5669.039145907448,658.2786212975008,0.10319458442655398,Up
2017-09-01 00:00:00,2599080000,-10000.0,-404.63571088273324,0.045404274144150374,Down
2017-08-31 00:00:00,1944930000,-6500.401821591239,-324.4365713332415,0.04097164143393074,Down
2017-08-30 00:00:00,1937850000,-2106.2471794210524,11.071337925238911,0.033938245564900923,Up
2017-08-29 00:00:00,2486080000,-6588.557850484384,-432.4468412311108,0.062323288245492964,Down
2017-08-28 00:00:00,1959330000,-7627.307713759781,4.082610133540042,0.04089224418114016,Up
2017-08-27 00:00:00,1537460000,-3210.4733131923513,-86.94851671998283,0.02285332903730643,Down
2017-08-26 00:00:00,1511610000,-5102.040816326479,44.96736092368531,0.025104870472957667,Up
2017-08-25 00:00:00,1727970000,1338.0519042803862,-89.50291034476544,0.034238671350298296,Down
2017-08-24 00:00:00,2037750000,-6610.73416487222,-476.3147718484143,0.05948617556071154,Down
2017-08-23 00:00:00,2369820000,1756.215820037139,-152.87318935390283,0.043377247793475654,Down
2017-08-22 00:00:00,3764240000,-8756.440177903045,-255.53040629259704,0.11359185664086444,Down
2017-08-21 00:00:00,2800890000,7819.810851169764,216.94275488451294,0.029468424243609653,Up
2017-08-20 00:00:00,2109770000,7186.931413654021,242.64138963218417,0.03017442013123876,Up
2017-08-19 00:00:00,2975820000,-6365.369806754399,-135.21841580569105,0.0659078001329225,Down
2017-08-18 00:00:00,2941710000,1812.364333436709,378.60112757091315,0.08203101513757013,Up
2017-08-17 00:00:00,2553360000,2698.452217934384,120.31183001706033,0.05496483017215421,Up
2017-08-16 00:00:00,2272040000,-9762.157131408212,-419.7041191903512,0.09209016412957034,Down
2017-08-15 00:00:00,3258050000,-31.102784699621466,335.24459266141014,0.12706061257363674,Up
2017-08-14 00:00:00,2463090000,-10000.0,-637.047785347139,0.08262708738102857,Down
2017-08-13 00:00:00,3159090000,-2291.280413018052,-497.98455686023925,0.09035731590395979,Down
2017-08-12 00:00:00,2219590000,-6120.992207483196,-641.2043948578736,0.09209917192375021,Down
2017-08-11 00:00:00,2021190000,-8107.9323797139195,-820.4349965321201,0.09117261738919086,Down
2017-08-10 00:00:00,1515110000,773.2497387669213,-118.01881598161508,0.0400916860172839,Down
2017-08-09 00:00:00,1468960000,-828.7166600033869,227.83884925739764,0.05118991930768335,Up
2017-08-08 00:00:00,1752760000,-661.7752841317993,-147.52746111529888,0.041249532671457645,Down
2017-08-07 00:00:00,1482280000,-8271.137967618453,-517.1844944253882,0.06747738718493017,Down
2017-08-06 00:00:00,1105030000,1525.8914953881742,134.05533504624577,0.042267183610069974,Up
2017-08-05 00:00:00,1945700000,-8212.823353726078,-1226.1054724033079,0.14328261372224896,Down
2017-08-04 00:00:00,1002120000,-9557.869031553235,-316.9298842507652,0.0554377914661214,Down
2017-08-03 00:00:00,804797000,-8661.153155964746,-351.2378393539913,0.04730288312493544,Down
2017-08-02 00:00:00,1094950000,1041.0900574835202,60.35649198974759,0.03444646936523013,Up
2017-08-01 00:00:00,1324670000,7229.999151607693,532.9989900045274,0.08210218367986619,Up
2017-07-31 00:00:00,860575000,-8310.15916217978,-405.6831835092152,0.0611637063736772,Down
2017-07-30 00:00:00,705943000,-9762.49120337784,-120.35721757898085,0.041726771864527584,Down
2017-07-29 00:00:00,803746000,4196.274577440562,287.03037384842344,0.04131071385312539,Up
2017-07-28 00:00:00,1380100000,-1875.8037846775965,-482.43666339519353,0.08124699130136237,Down
2017-07-27 00:00:00,789104000,-7372.85034760337,-524.1638469931586,0.06459185964525291,Down
2017-07-26 00:00:00,937404000,166.29157289327122,187.4488414404705,0.06205363550665887,Up
2017-07-25 00:00:00,1460090000,3346.3360267483977,656.4641885766091,0.10412330009066179,Up
2017-07-24 00:00:00,866474000,-4261.560138337378,-81.09196033227325,0.028568814725363257,Down
2017-07-23 00:00:00,1072840000,1420.5565529622843,276.6995477369033,0.0634735230226843,Up
2017-07-22 00:00:00,1177130000,-4890.332665722224,-530.1971423539411,0.07670977243004838,Down
2017-07-21 00:00:00,1489450000,5760.066494274074,601.2168784636456,0.07629623627312472,Up
2017-07-20 00:00:00,2249260000,-7365.292243306228,-2412.936309689016,0.2779033345228183,Down
2017-07-19 00:00:00,1245100000,8072.148386154548,213.72488248359977,0.05894760404290858,Up
2017-07-18 00:00:00,1512450000,-3831.4485729671533,-382.17701207063345,0.09977076542856127,Down
2017-07-17 00:00:00,1201760000,-9860.341759828118,-1530.5129823762559,0.15412755740911296,Down
2017-07-16 00:00:00,1182870000,1954.2041346064743,312.05132581652464,0.10830430024397836,Up
2017-07-15 00:00:00,993608000,9297.968678602598,1036.9845568848314,0.10794486395350913,Up
2017-07-14 00:00:00,882503000,4432.039104593646,539.060150216683,0.07626483209706056,Up
2017-07-13 00:00:00,835770000,5954.496978314921,186.45690265118296,0.03512298664002991,Up
2017-07-12 00:00:00,1117410000,-6652.0831931076455,-283.2255215902132,0.06368823330204014,Down
2017-07-11 00:00:00,1329760000,2974.4556831818845,201.60191794257034,0.04889579989018767,Up
2017-07-10 00:00:00,1111200000,5238.624265148368,604.6530046530048,0.08554796554796544,Up
2017-07-09 00:00:00,527856000,9855.81000848178,210.56436848181445,0.045828944146217125,Up
2017-07-08 00:00:00,733330000,-10000.0,-202.63701904954692,0.031357751352037756,Down
2017-07-07 00:00:00,917412000,9051.45349533875,344.7456288646368,0.15995997837912435,Up
2017-07-06 00:00:00,761957000,-5341.13616899805,-1.7637360530655897,0.013431233464974405,Down
2017-07-05 00:00:00,941566000,-5086.801426872691,3.3808834094676614,0.03231048803820395,Down
2017-07-04 00:00:00,985516000,-1708.1949058692758,-158.6880124951186,0.02820773135493957,Down
2017-07-03 00:00:00,964112000,-4597.048808172532,-262.15099897540983,0.045838402920082046,Down
2017-07-02 00:00:00,803747000,-8692.230408573276,-287.5964537842707,0.04902314890822527,Down
2017-07-01 00:00:00,779914000,6809.6626405663965,232.88935248334963,0.03853004894487682,Up
2017-06-30 00:00:00,860273000,9403.61296708728,229.99007577070165,0.03182842110237716,Up
2017-06-29 00:00:00,949979000,2638.162093171621,109.98769259530364,0.03051535309788278,Up
2017-06-28 00:00:00,1183870000,-5117.096018735352,-85.23205759430857,0.04683062870393217,Down
2017-06-27 00:00:00,1489790000,-10000.0,-298.5737053400311,0.08854727753232869,Down
2017-06-26 00:00:00,1663280000,1449.614998326094,432.8005033641258,0.09224224784506885,Up
2017-06-25 00:00:00,1161100000,4269.248501613667,68.42458529101599,0.0499146610413272,Up
2017-06-24 00:00:00,982750000,7078.111587982863,473.9786453997056,0.06381183997195565,Up
2017-06-23 00:00:00,961319000,-3108.8435374149126,-138.7708968951063,0.02171873499449651,Down
2017-06-22 00:00:00,1097940000,-5495.207667731627,-53.436788144315194,0.03024120875649831,Down
2017-06-21 00:00:00,1626580000,4857.091658453583,75.03423229240072,0.04119316609028472,Up
2017-06-20 00:00:00,1854190000,-5201.290099637167,-503.7317752753476,0.06700601251900606,Down
2017-06-19 00:00:00,1446840000,2871.200140572867,-159.1585818919342,0.044652279494552714,Down
2017-06-18 00:00:00,1178660000,5615.0099471770545,403.18602067524034,0.05489671794678667,Up
2017-06-17 00:00:00,1534510000,-7072.366778205071,-564.3175643692741,0.07964566568947617,Down
2017-06-16 00:00:00,1195190000,-7239.775150222895,-198.37461582380647,0.06267082933466149,Down
2017-06-15 00:00:00,2026260000,-5640.714840714833,140.02352395202394,0.12872162523303915,Up
2017-06-14 00:00:00,1696560000,5002.2733959185925,774.8225906186516,0.13761741409263561,Up
2017-06-13 00:00:00,1781200000,387.99942304919233,-134.69307063646346,0.0517212439059871,Down
2017-06-12 00:00:00,2569530000,4106.120743680799,994.1352151211211,0.16209425643873476,Up
2017-06-11 00:00:00,1752400000,-5067.597872749426,-53.357621813412386,0.05304155437209625,Down
2017-06-10 00:00:00,2018890000,-9679.123459205659,-422.7867078716053,0.07228779339070895,Down
2017-06-09 00:00:00,1348950000,4685.64426430389,-58.309349442908456,0.03778887527427127,Down
2017-06-08 00:00:00,1281170000,-8658.81537928642,-312.9215692761235,0.05306029428522081,Down
2017-06-07 00:00:00,1517710000,6256.367728942083,478.22177613282395,0.05883500965365346,Up
2017-06-06 00:00:00,2089610000,-1153.4603811434197,-640.5434734135052,0.11486004370382472,Down
2017-06-05 00:00:00,1369310000,-10000.0,-694.1967839515994,0.07028737462187555,Down
2017-06-04 00:00:00,1355120000,1110.6111736032954,141.2204302552409,0.05233947852845011,Up
2017-06-03 00:00:00,1514950000,-1592.7750410508934,-86.73788556854865,0.06349550069775263,Down
2017-06-02 00:00:00,1317030000,-10000.0,-351.57631144370066,0.04793201415955708,Down
2017-06-01 00:00:00,1653180000,-4938.148194427118,-522.4333902889888,0.06994620531129686,Down
2017-05-31 00:00:00,1544830000,-7018.91124403358,-453.64143032841133,0.07567243815123503,Down
2017-05-30 00:00:00,1443970000,4261.23231298273,354.2228291713976,0.07865263195232684,Up
2017-05-29 00:00:00,994625000,-4852.911747048226,-445.39531265195126,0.09256146297865646,Down
2017-05-28 00:00:00,1147140000,460.47078683296047,-495.2095341953588,0.10382263592459896,Down
2017-05-27 00:00:00,1700480000,946.9050621955133,716.6696262299266,0.18411670696225868,Up
2017-05-26 00:00:00,1763480000,4801.514547628527,510.4507322621917,0.2162101607572958,Up
2017-05-25 00:00:00,2406700000,9177.274722518348,577.4576492903385,0.1955695271109948,Up
2017-05-24 00:00:00,1725380000,-2085.001235483077,-526.7148278818111,0.08716835317075688,Down
2017-05-23 00:00:00,1378750000,-9943.78864530634,-587.9829892861712,0.06494004270930304,Down
2017-05-22 00:00:00,1942220000,-875.0830332482673,-637.2877705940222,0.1399918754496646,Down
2017-05-21 00:00:00,1147860000,9092.914930129922,124.96190185919002,0.039467254950339335,Up
2017-05-20 00:00:00,961336000,-10000.0,-506.4407531347015,0.0553410877716405,Down
2017-05-19 00:00:00,1157290000,-7057.8454537499,-476.13275217801566,0.060225469992674065,Down
2017-05-18 00:00:00,894321000,-6748.151191454414,-384.61538461538487,0.05353274316819713,Down
2017-05-17 00:00:00,1064730000,-7530.424458296226,-650.7097230024375,0.11706520417204767,Down
2017-05-16 00:00:00,959045000,360.1609657947602,41.625997588562896,0.057070678073146974,Up
2017-05-15 00:00:00,731529000,4266.257433339709,387.1292384596668,0.05765189887416779,Up
2017-05-14 00:00:00,437196000,-1784.6715328467455,-44.70086514221085,0.030429905711715617,Down
2017-05-13 00:00:00,579635000,-9001.914643938,-474.66224058684367,0.09396327591810211,Down
2017-05-12 00:00:00,740984000,6271.123720241767,658.3737864077668,0.08784457350901531,Up
2017-05-11 00:00:00,799490000,-5722.718839601941,-383.0664412453594,0.06660413284878995,Down
2017-05-10 00:00:00,915723000,-9622.151716181153,-174.265024024777,0.03947578165918984,Down
2017-05-09 00:00:00,1167920000,3333.902210086197,-182.55225101369462,0.06797997552047988,Down
2017-05-08 00:00:00,1340320000,-10000.0,-791.7115447235918,0.07917115447235919,Down
2017-05-07 00:00:00,1080030000,-9994.58874458875,-109.15053783864212,0.02340025451575531,Down
2017-05-06 00:00:00,582530000,-10000.0,-141.2503773742461,0.023316910862597205,Down
2017-05-05 00:00:00,946036000,4268.125854993139,-94.62186946335613,0.05692887784173878,Down
2017-05-04 00:00:00,933549000,2055.1654116253458,-314.9484812707956,0.07928383599871207,Down
2017-05-03 00:00:00,583796000,-8816.254416961103,-249.76268761435668,0.031146390788152248,Down
2017-05-02 00:00:00,477338000,-2757.258203057845,-223.71097021174756,0.0409632449701977,Down
2017-05-01 00:00:00,713624000,-7042.5482445942735,-543.6475561818582,0.06379885782095972,Down
2017-04-30 00:00:00,413115000,-9987.87511367082,-196.84235212237368,0.024957068395530583,Down
2017-04-29 00:00:00,422706000,-975.8131776479106,-29.973289625448047,0.009098221331876412,Down
2017-04-28 00:00:00,527489000,-2392.7011051144054,9.561825549804901,0.02952782794785017,Up
2017-04-27 00:00:00,449197000,-8973.958333333321,-279.6673635597708,0.02995600212188355,Down
2017-04-26 00:00:00,329631000,-484.42906574389986,-119.19525430690541,0.02282798442325758,Down
2017-04-25 00:00:00,242556000,-7626.348665531027,-120.27670038786007,0.014082930145147667,Down
2017-04-24 00:00:00,235806000,-9617.526022754797,-334.9784644891411,0.03415093871679765,Down
2017-04-23 00:00:00,258951000,7685.774946921455,200.58120657185557,0.02293980128579777,Up
2017-04-22 00:00:00,249320000,-7157.622739018146,-73.60698775670437,0.022155703314767947,Down
2017-04-21 00:00:00,272167000,3631.0107948969826,59.94696686242389,0.016576922451237257,Up
2017-04-20 00:00:00,315108000,-2767.140210006128,-148.62767116953464,0.026736466624830632,Down
2017-04-19 00:00:00,288061000,9.58772770852434,15.179889945799092,0.008604687616014836,Up
2017-04-18 00:00:00,270524000,-5042.016806722794,-149.94513180931077,0.019936838754533916,Down
2017-04-17 00:00:00,253206000,-9110.112359550554,-90.09085146841397,0.018804141136699766,Down
2017-04-16 00:00:00,183231000,-4140.999315537391,-88.09408072590338,0.012459385473431174,Down
2017-04-15 00:00:00,203559000,3437.5000000000377,-44.71858134155767,0.01973785659213567,Down
2017-04-14 00:00:00,254827000,5001.612383102223,23.839429904385632,0.026496800047849746,Up
2017-04-13 00:00:00,351969000,4806.875631951504,264.275365938952,0.041173335997735296,Up
2017-04-12 00:00:00,288702000,3044.3159922931363,36.85228376258542,0.008615466339090902,Up
2017-04-11 00:00:00,216182000,-7030.567685589558,-147.79445202364673,0.0173563741094436,Down
2017-04-10 00:00:00,215883000,-4318.5840707967745,1.431820096014869,0.009517392402930982,Up
2017-04-09 00:00:00,242343000,-2631.16370808671,-96.04188446076269,0.021545679390091655,Down
2017-04-08 00:00:00,209312000,-1937.5000000000575,-28.141389161300935,0.019102033854944005,Up
2017-04-07 00:00:00,317022000,-1651.5739542907215,17.303679576568474,0.019670212224540542,Up
2017-04-06 00:00:00,511222000,-8180.946291560156,-505.147404979527,0.05556887929579587,Down
2017-04-05 00:00:00,414784000,-391.42590866725334,82.52949371329929,0.018921826229565845,Up
2017-04-04 00:00:00,436310000,2912.0267260579103,107.11292688036859,0.03135693833368258,Up
2017-04-03 00:00:00,580444000,-6749.333879893392,-370.46103631170854,0.044235912779364395,Down
2017-04-02 00:00:00,514187000,-6627.255756067289,-199.51693950639154,0.029742460277065615,Down
2017-04-01 00:00:00,289634000,-2673.849167482868,-82.01845648542948,0.028580492857209608,Down
2017-03-31 00:00:00,447287000,-8703.396851698379,-439.7841502376671,0.047027195511571696,Down
2017-03-30 00:00:00,352969000,5630.769230769161,151.40902505253231,0.02806536110764625,Up
2017-03-29 00:00:00,298458000,-2275.15923566877,58.40853472009694,0.03752103089629867,Up
2017-03-28 00:00:00,326332000,-520.0433369447643,-24.603189798772366,0.035344348924926834,Down
2017-03-27 00:00:00,372535000,-9830.690674549824,-758.3972017900318,0.07655984774445766,Down
2017-03-26 00:00:00,303668000,5335.689045936407,74.74255911130247,0.05520477202492786,Up
2017-03-25 00:00:00,435803000,-9172.79666897987,-386.95624319302976,0.0769321118158327,Down
2017-03-24 00:00:00,491038000,9404.391669022718,971.9293177331606,0.10218113534594829,Up
2017-03-23 00:00:00,248540000,3356.258596973949,109.13766011142361,0.027693919337174352,Up
2017-03-22 00:00:00,380841000,3436.677940623818,638.1118101102037,0.09498059162093432,Up
2017-03-21 00:00:00,337391000,-9436.409721186792,-617.6091570648884,0.06355177380230459,Down
2017-03-20 00:00:00,286530000,-3320.683111954471,-163.80008484053843,0.02540395665419759,Down
2017-03-19 00:00:00,406648000,-2880.446447735555,-614.3970186233656,0.09539995699937553,Down
2017-03-18 00:00:00,621302000,7932.489451476783,1144.5952950376925,0.14224008584237371,Up
2017-03-17 00:00:00,706599000,9836.207966248894,677.2810466377445,0.06828735086767908,Up
2017-03-16 00:00:00,638568000,3297.328027288251,507.61989243444964,0.08434225983553496,Up
2017-03-15 00:00:00,297805000,-6627.318718381084,-76.19984518126546,0.009563282157140933,Down
2017-03-14 00:00:00,245306000,-6006.641760066449,-63.628100246720535,0.019551032333463118,Down
2017-03-13 00:00:00,380277000,-4641.101278269577,-82.9936649806029,0.016647841673623664,Down
2017-03-12 00:00:00,227176000,-7830.298333979118,-380.411687715662,0.04387142832860237,Down
2017-03-11 00:00:00,283320000,-5355.438007998967,-533.0908700014332,0.0694334957718217,Down
2017-03-10 00:00:00,563796000,5914.501604388778,610.7486379229155,0.16245711979552033,Up
2017-03-09 00:00:00,212283000,-6809.532278143331,-331.55126700569485,0.048880775416177705,Down
2017-03-08 00:00:00,332603000,9543.29210275926,598.660922312239,0.06873605127408594,Up
2017-03-07 00:00:00,291256000,4702.473498233213,390.1163201671372,0.05556820948625914,Up
2017-03-06 00:00:00,153657000,-4438.596491227988,-42.28896936416562,0.008994295722975764,Down
2017-03-05 00:00:00,134127000,-9883.681149503884,-102.2889443430142,0.023304020601296365,Down
2017-03-04 00:00:00,183270000,-79.77091429742234,174.41268797507473,0.03827215581284305,Up
2017-03-03 00:00:00,315739000,-6405.405405405438,-194.12973431091118,0.02366655739539934,Down
2017-03-02 00:00:00,368275000,-5218.232638142306,-214.99493745304838,0.037977267531110345,Down
2017-03-01 00:00:00,229057000,-10000.0,-359.81831124368694,0.03627843123961895,Down
2017-02-28 00:00:00,184956000,2393.8404106392277,6.352056372382952,0.018149942408022278,0.0
2017-02-27 00:00:00,131570000,-7838.709677419354,-139.11564041313696,0.015982402172231788,Down
2017-02-26 00:00:00,116486000,-8781.862087469824,-182.91137581165341,0.032570984120880546,Down
2017-02-25 00:00:00,139961000,2339.832869080778,227.01446501653407,0.042942216829999734,Up
2017-02-24 00:00:00,330759000,-2193.482390764281,-8.271439656863395,0.058352022239087295,Down
2017-02-23 00:00:00,189454000,-6681.193429433494,-442.5966865663631,0.05339801480394162,Down
2017-02-22 00:00:00,136100000,-3599.033816425121,-23.68137782561984,0.022282023681377956,Down
2017-02-21 00:00:00,186869000,-9032.738095238072,-333.74101252686955,0.03735823882588386,Down
2017-02-20 00:00:00,109478000,-9737.11340206186,-298.37225490850454,0.03699854103691268,Down
2017-02-19 00:00:00,77423300,3393.258426966466,65.32291706170219,0.012656907732564667,Up
2017-02-18 00:00:00,99073500,-551.6265912306983,-49.656408154707215,0.013476806359070035,Down
2017-02-17 00:00:00,136474000,-4943.697784235348,-195.78606790628922,0.026829220753907902,Down
2017-02-16 00:00:00,122277000,-5388.802488336038,-196.3975586761284,0.025524735771349092,Down
2017-02-15 00:00:00,89759400,-6253.443526170757,-12.62161974140569,0.00721519364744933,Down
2017-02-14 00:00:00,137946000,-4440.894568690059,-129.16691874886507,0.025248553048177913,Down
2017-02-13 00:00:00,100607000,-1218.390804597681,82.49239147845596,0.026129264776549758,Up
2017-02-12 00:00:00,67530000,4234.693877551068,43.247767857143174,0.007812500000000031,Up
2017-02-11 00:00:00,102261000,-6341.64777021925,-157.24542420871745,0.026757002730306324,Down
2017-02-10 00:00:00,190452000,-6081.210496073537,69.90548697809464,0.052439159125377825,Up
2017-02-09 00:00:00,407220000,3949.1338002211605,660.4677373908148,0.12740678125293506,Up
2017-02-08 00:00:00,201855000,-2333.6547733847233,-7.060019579787635,0.0390466149559455,Down
2017-02-07 00:00:00,146007000,-9467.645709040702,-203.91485761531914,0.020949103005364626,Down
2017-02-06 00:00:00,111762000,-2123.786407766988,-94.80746791131854,0.016024893037728527,Down
2017-02-05 00:00:00,114208000,5324.553151458243,155.052131248084,0.020373351732597463,Up
2017-02-04 00:00:00,155064000,-8048.145738451536,-112.18523653922765,0.029806172612064155,Down
2017-02-03 00:00:00,201278000,-6842.105263158038,-182.40958614280393,0.02479583967729809,Down
2017-02-02 00:00:00,145821000,-8864.686468646845,-220.20202020201975,0.03060606060606056,Down
2017-02-01 00:00:00,150110000,-9902.014153511125,-186.21130038931267,0.01891980966898058,Down
2017-01-31 00:00:00,164582000,-9365.452408930669,-536.8311327310626,0.055442147324530865,Down
2017-01-30 00:00:00,78227300,4916.20111731851,-2.4995924577516515,0.0038906699994565312,Down
2017-01-29 00:00:00,60851700,8360.655737704805,27.872070450183283,0.0046308848568980465,Up
2017-01-28 00:00:00,68979600,1317.0731707313332,-19.351822659028347,0.004457442297865889,Down
2017-01-27 00:00:00,125594000,-583.4464043418586,-15.135676640968533,0.008025175312513616,Down
2017-01-26 00:00:00,131958000,-7966.101694915245,-168.44158290761249,0.018960759760192392,Down
2017-01-25 00:00:00,120831000,-7041.522491349403,-107.8572069243879,0.012960803659520972,Down
2017-01-24 00:00:00,111349000,9748.822605965406,197.54469187859505,0.034973865682786515,Up
2017-01-23 00:00:00,73588600,2593.235039028634,48.51431658562949,0.012458130740140435,Up
2017-01-22 00:00:00,116573000,-3568.568568568563,-26.675052319969666,0.04333069474414725,Down
2017-01-21 00:00:00,111158000,-6494.974874371837,-293.0042990341132,0.0355535704315784,Down
2017-01-20 00:00:00,86728400,-2945.9241323647957,34.959974169700466,0.013794715922375482,Up
2017-01-19 00:00:00,105625000,-4533.793783917149,-120.78708602562101,0.022817840016209987,Down
2017-01-18 00:00:00,225677000,432.4324324324236,250.17319682857365,0.0651000142956113,Up
2017-01-17 00:00:00,155095000,-9343.029087261813,-926.5298754437692,0.09598652145135085,Down
2017-01-16 00:00:00,82755200,-5792.426367461428,-118.64489279369174,0.017352576115261982,Down
2017-01-15 00:00:00,71013600,-7107.279693486591,-44.735619820568225,0.01276065221111294,Down
2017-01-14 00:00:00,93063300,4741.493592576285,81.56191676563999,0.027425648980779014,Up
2017-01-13 00:00:00,168968000,-7951.020408163273,-251.822728743126,0.060964988677930675,Down
2017-01-12 00:00:00,222326000,-3922.5422045680357,-382.4918083541899,0.09093371862019145,Down
2017-01-11 00:00:00,310929000,8085.391537430595,1435.4931066378895,0.17254327621900195,Up
2017-01-10 00:00:00,115808000,412.7443881245818,-58.064802092104685,0.015302956429236358,Down
2017-01-09 00:00:00,141877000,-3589.138134592693,113.98975077745135,0.03709868161709968,Up
2017-01-08 00:00:00,158715000,1364.7016405263978,-33.363797526895695,0.061078872898245956,Down
2017-01-07 00:00:00,279550000,-10000.0,-56.44777474017446,0.09411282914033368,Down
2017-01-06 00:00:00,351876000,7757.72088168478,1104.6695062312665,0.160583293894936,Up
2017-01-05 00:00:00,510199000,2663.5314236853324,1239.2693195473448,0.2426495379215547,Up
2017-01-04 00:00:00,344946000,-9184.489653973213,-1056.3960168517801,0.11013021830716198,Down
2017-01-03 00:00:00,185168000,-9786.476868327392,-217.6977290524657,0.022004698512137728,Down
2017-01-02 00:00:00,222185000,-4442.202363793552,-231.61963509643303,0.03473793835492986,Down
2017-01-01 00:00:00,147775000,-7859.3961243803515,-359.77419421787846,0.046053587364838215,Down
2016-12-31 00:00:00,99135100,-10000.0,-32.37458751027985,0.017176228100309172,Down
2016-12-30 00:00:00,187474000,-4010.610079575605,116.08896383659079,0.03876487100654986,Up
2016-12-29 00:00:00,199320000,-5261.044176706841,16.715719955287966,0.025535056864212955,Up
2016-12-28 00:00:00,236630000,-10000.0,-439.54515794315455,0.04395451579431545,Down
2016-12-27 00:00:00,167308000,-6173.184357541945,-273.5729619640009,0.03941212087851594,Down
2016-12-26 00:00:00,123771000,-3157.248157248224,-119.41130560820645,0.018151410413646978,Down
2016-12-25 00:00:00,143665000,-8135.911899006164,38.57055521591761,0.04138275996220755,Up
2016-12-24 00:00:00,137727000,3279.483037156692,253.31280227287408,0.04027413303259666,Up
2016-12-23 00:00:00,275564000,-8960.953011250833,-660.083941310456,0.06988171906253982,Down
2016-12-22 00:00:00,200027000,-4600.0480422772,-363.95022656980524,0.04990529621904145,Down
2016-12-21 00:00:00,155576000,-10000.0,-420.163868904876,0.04356514788169464,Down
2016-12-20 00:00:00,99629300,-9065.040650406432,-108.93026191227511,0.012420321868097231,Down
2016-12-19 00:00:00,74886400,-4528.875379939288,-25.547306782683247,0.004160922738367708,Down
2016-12-18 00:00:00,60524400,2548.435171386032,6.068191299730954,0.008482825754415287,Up
2016-12-17 00:00:00,78989800,-5607.843137255019,-72.08629978221381,0.00974311295642979,Down
2016-12-16 00:00:00,83608200,-9604.612850082354,-76.38389647735355,0.007792441203656074,Down
2016-12-15 00:00:00,81580100,8402.203856748883,25.38233748253385,0.00465342853846449,Up
2016-12-14 00:00:00,75979000,-7880.53949903676,-18.97435897435921,0.006653846153846078,Down
2016-12-13 00:00:00,81645600,5047.6190476192205,1.1528854159998954,0.013450329853327355,Down
2016-12-12 00:00:00,76571000,-6919.191919192041,-130.51270063892875,0.015427769985974749,Down
2016-12-11 00:00:00,57313400,798.722044728315,64.79509519199718,0.012120038722168424,Up
2016-12-10 00:00:00,53843100,1674.641148325442,-21.086129724974715,0.005407363328245147,Down
2016-12-09 00:00:00,68705300,-2868.85245901635,-37.01587136659881,0.006338156219965186,Down
2016-12-08 00:00:00,80111900,-1108.5714285712002,-35.543172586187694,0.011392042495573377,Down
2016-12-07 00:00:00,96426100,-4215.436810856694,-51.2948011672179,0.015427696575548558,Down
2016-12-06 00:00:00,116218000,-5942.0289855073,-72.49051033319274,0.009094264023618697,Down
2016-12-05 00:00:00,106363000,3575.3676470588116,189.9429783162433,0.028135869354400742,Up
2016-12-04 00:00:00,60557900,-10000.0,-28.89948680731971,0.007399823752008756,Down
2016-12-03 00:00:00,69547300,604.9290515310379,91.23032444587244,0.017205268230003196,Up
2016-12-02 00:00:00,127605000,-7171.717171717256,-269.29271061594227,0.03136468041291548,Down
2016-12-01 00:00:00,80461900,-7545.008183306061,-143.69010119965188,0.01637959922257225,Down
2016-11-30 00:00:00,84070800,-6161.096829477458,-127.80463953930682,0.015849948389199706,Down
2016-11-29 00:00:00,68511100,2852.2336769756153,9.91403311015466,0.0039520323767876925,Up
2016-11-28 00:00:00,61888600,-2043.399638336143,-45.46199213630307,0.007549694189602409,Down
2016-11-27 00:00:00,52601800,7629.255989911863,46.36680082671709,0.01078266072011306,Up
2016-11-26 00:00:00,54962700,858.505564387948,82.66914808970878,0.016965381451362817,Up
2016-11-25 00:00:00,67807600,-10000.0,-16.34163470368865,0.009534871157689948,Down
2016-11-24 00:00:00,85919300,-194.90254872554513,58.150466009508754,0.01791517821170534,Up
2016-11-23 00:00:00,76543800,1492.8732183044935,95.11267193444513,0.017732194641764495,Up
2016-11-22 00:00:00,129906000,-7093.4256055363585,-158.32026391217397,0.02344383754258833,Down
2016-11-21 00:00:00,60802400,-5593.220338983016,-109.26346306375311,0.015329704892924591,Down
2016-11-20 00:00:00,154116000,3026.1054874800575,277.30488907804465,0.04992818002872794,Up
2016-11-19 00:00:00,110608000,-2149.532710280354,2.793184629504494,0.015655134804410546,Down
2016-11-18 00:00:00,87363100,-8386.491557223311,-146.8860957729745,0.021587395876928903,Down
2016-11-17 00:00:00,108579000,8177.309361438279,52.357426699602314,0.021654494683707438,Up
2016-11-16 00:00:00,141294000,-8227.060653188202,-464.4459130728249,0.054248632535118246,Down
2016-11-15 00:00:00,72038500,-2160.6118546844964,-82.60247382365918,0.014820272318961783,Down
2016-11-14 00:00:00,62993000,-6105.100463678561,-43.01994301994276,0.009216524216524255,Down
2016-11-13 00:00:00,80318100,-6399.108138238541,44.95178672717063,0.025439591605218293,Up
2016-11-12 00:00:00,64622500,8445.12195121954,163.23683292640456,0.018304848273456582,Up
2016-11-11 00:00:00,63119700,-230.17902813277868,-12.01872685346955,0.005464328139193742,Down
2016-11-10 00:00:00,68807800,2684.1659610500315,101.12888052681173,0.01633833213435884,Up
2016-11-09 00:00:00,132429000,674.3002544529286,-189.34110984320105,0.04429229533832036,Down
2016-11-08 00:00:00,79660800,-4075.4716981132456,-96.1470082066306,0.015076306020566388,Down
2016-11-07 00:00:00,65047100,4040.590405904043,107.07150294059731,0.015251709485887992,Up
2016-11-06 00:00:00,59902200,-6272.108843537414,-109.54661059092706,0.020886318750799288,Down
2016-11-05 00:00:00,53752300,-1627.4309109518126,1.4214236979762158,0.013887309529224446,Down
2016-11-04 00:00:00,99907700,-6546.5605989705755,-204.89900162526126,0.031010564197817513,Down
2016-11-03 00:00:00,172808000,6882.118029877215,722.7049235535795,0.09107563817606253,Up
2016-11-02 00:00:00,84865200,-10000.0,-147.38312764529417,0.025312641253578447,Down
2016-11-01 00:00:00,130527000,-6206.209057248601,-405.6520375281594,0.050061311204266136,Down
2016-10-31 00:00:00,97064400,-550.8233957979214,23.7675054081743,0.025062620972332937,Up
2016-10-30 00:00:00,100665000,3900.226757369616,171.679829720495,0.02470173080154594,Up
2016-10-29 00:00:00,134761000,-6098.846787479437,-350.43242695099246,0.04396702835040349,Down
2016-10-28 00:00:00,81145500,-7484.076433120807,-23.98255813953455,0.009127906976744312,Down
2016-10-27 00:00:00,96105300,-9469.194312796048,-148.92142551716884,0.015555653853526294,Down
2016-10-26 00:00:00,88877100,-8702.947845804934,-313.5263349957427,0.03352694319425871,Down
2016-10-25 00:00:00,90378800,2742.5373134328024,-54.89296636085676,0.01639143730886837,Down
2016-10-24 00:00:00,62218200,5010.752688172155,51.737780753545216,0.0070759023677642845,Up
2016-10-23 00:00:00,54474600,1215.4696132595034,8.363492594506774,0.011009397524406207,Up
2016-10-22 00:00:00,78556500,-9282.051282051218,-381.43222667972293,0.040038538080045524,Down
2016-10-21 00:00:00,55951000,-2588.2352941176514,-31.704262638111693,0.005389724648478951,Down
2016-10-20 00:00:00,56957300,-4207.650273224292,-3.1712808803482933,0.005803444011036008,Down
2016-10-19 00:00:00,69381700,5377.532228360979,119.25469731872838,0.017018475859150978,Up
2016-10-18 00:00:00,65546700,1729.9578059070363,22.677155502728013,0.00741308393675421,Up
2016-10-17 00:00:00,58063600,7111.716621252993,40.9772210277024,0.005718114112991294,Up
2016-10-16 00:00:00,40298100,-3650.000000000091,-39.90110784252291,0.006258997308631157,Down
2016-10-15 00:00:00,39035400,4649.6815286625,25.92494260592476,0.007355812028548729,Up
2016-10-14 00:00:00,58144600,-5784.543325527021,-52.90340810976287,0.006703191472661311,Down
2016-10-13 00:00:00,61620700,736.8421052633711,-11.949121896765734,0.005974560948383045,Down
2016-10-12 00:00:00,92370200,9180.633147113493,73.02573064740041,0.008379234478131298,Up
2016-10-11 00:00:00,103590000,-9143.34181509755,-352.5289064013959,0.038078935469284994,Down
2016-10-10 00:00:00,67481100,-898.4374999998479,-35.18044161992086,0.008300638760092093,Down
2016-10-09 00:00:00,39243400,8918.918918919037,39.08458097129963,0.004183019203126818,Up
2016-10-08 00:00:00,42345900,-4103.585657370424,-28.67139663718505,0.004065830822561296,Down
2016-10-07 00:00:00,64071400,-7405.582922824387,-73.61943161228173,0.009941071807511987,Down
2016-10-06 00:00:00,56812100,-3191.489361701613,-8.980031675020074,0.003836922624781659,Down
2016-10-05 00:00:00,68077500,-3794.7494033414187,-37.52744911671141,0.006866376061092624,Down
2016-10-04 00:00:00,49801600,4396.887159532723,30.226288701901954,0.004199003349399455,Up
2016-10-03 00:00:00,46798300,-5829.383886255434,-18.9862022685233,0.0034535247229815105,Down
2016-10-02 00:00:00,39249800,4398.148148148044,49.84119227950254,0.007036403615929717,Up
2016-10-01 00:00:00,56357000,-5254.2372881356805,-66.40106241699979,0.008705917072451035,Down
2016-09-30 00:00:00,56122400,-10000.0,-66.3672984217127,0.009245195800039659,Down
2016-09-29 00:00:00,55658600,1472.0812182739062,-11.074014082180303,0.0032560907077452436,Down
2016-09-28 00:00:00,48722600,8787.878787878753,24.907627342306526,0.0032660332541567996,Up
2016-09-27 00:00:00,49422400,48.309178744192494,30.42663070293778,0.0068089865464951585,Up
2016-09-26 00:00:00,59153800,-9743.260590500582,-120.33754431517482,0.012965829463557472,Down
2016-09-25 00:00:00,33977800,3896.4577656674824,31.854002488593267,0.006088759850684296,Up
2016-09-24 00:00:00,35359500,5354.330708661308,5.472999867321893,0.004212551413029185,Up
2016-09-23 00:00:00,51067000,-9002.695417789755,-111.37202281113697,0.01244548809124467,Down
2016-09-22 00:00:00,67085300,9210.52631579018,16.407714974551606,0.003817305116528216,Up
2016-09-21 00:00:00,82776200,6705.5771725033055,106.69494193078174,0.012773571464073354,Up
2016-09-20 00:00:00,72710900,5316.455696203697,15.428805908905288,0.002593352482560406,Up
2016-09-19 00:00:00,54796400,2781.9548872176856,10.494039713381316,0.00436158525587415,Up
2016-09-18 00:00:00,48679400,-8651.16279069783,-59.213564689582896,0.007092432539420655,Down
2016-09-17 00:00:00,37140300,4082.397003745499,20.420934751819917,0.004397088369948222,Up
2016-09-16 00:00:00,64963400,8174.603174603017,4.610951008645084,0.00414985590778095,Up
2016-09-15 00:00:00,59464600,10000.0,56.33895085081731,0.006452775184657551,Up
2016-09-14 00:00:00,47877700,-2824.8587570617647,-30.22140463832728,0.0058143354575916125,Down
2016-09-13 00:00:00,86920600,-866.5105386416772,-20.065129436532143,0.00702279530278625,Down
2016-09-12 00:00:00,72812300,-8557.37704918018,-20.428336079077578,0.005024711696869964,Down
2016-09-11 00:00:00,73610800,5612.857647474374,267.8771935452814,0.04541079849860457,Up
2016-09-10 00:00:00,45016800,1734.317343173508,-9.310837493780054,0.004350408553128018,Down
2016-09-09 00:00:00,64550200,2085.235920852351,55.719645565578496,0.010489343019078869,Up
2016-09-08 00:00:00,86713000,-6718.017414601553,-190.19572751086108,0.0242910368839789,Down
2016-09-07 00:00:00,75032400,-10000.0,-65.0212096893053,0.009876017491851831,Down
2016-09-06 00:00:00,78529100,-8641.114982578447,-64.79695305930758,0.009463982457008144,Down
2016-09-05 00:00:00,82446800,-2775.3303964759402,39.40951411353186,0.011182449629714684,Up
2016-09-04 00:00:00,97942900,-5717.144763175404,-167.7274929417458,0.02504218246211933,Down
2016-09-03 00:00:00,159014000,-8985.849056603804,-393.71036399965396,0.04420119885327088,Down
2016-09-02 00:00:00,79910800,-9585.92132505167,-54.6810852361069,0.008438007721737988,Down
2016-09-01 00:00:00,76923400,7822.222222222182,56.467726522456786,0.007818608287724786,Up
2016-08-31 00:00:00,75840900,1327.0142180093414,36.70423656919276,0.007306220675565759,Up
2016-08-30 00:00:00,70342400,-5952.941176470525,-59.04791764644382,0.007402762536796084,Down
2016-08-29 00:00:00,110398000,5444.839857651254,-0.6967791384319616,0.004894873447488886,Down
2016-08-28 00:00:00,86301600,-9395.348837209318,-71.60030184440846,0.0075461102434058475,Down
2016-08-27 00:00:00,59698300,7647.058823529329,163.94857192164983,0.019363189231167532,Up
2016-08-26 00:00:00,48856800,-4840.425531914736,-32.88619645175209,0.006508005192557319,Down
2016-08-25 00:00:00,136130000,189.3939393939803,41.71119307800957,0.0091006239442933,Up
2016-08-24 00:00:00,56328200,8284.182305630377,55.36415214000478,0.0063934454328859955,Up
2016-08-23 00:00:00,85349200,5459.183673469476,57.2626412393274,0.01336128295584306,Up
2016-08-22 00:00:00,72844000,-5674.300254452817,-93.58173779910986,0.013521184909944804,Down
2016-08-21 00:00:00,38299400,4467.005076142465,10.825858335912795,0.0067704574354743455,Up
2016-08-20 00:00:00,45301400,-6956.521739130428,-97.55589501458138,0.012776003332870458,Down
2016-08-19 00:00:00,50631600,2857.142857142738,-22.460563429326942,0.007068983528920254,Down
2016-08-18 00:00:00,59896600,5917.431192660105,-10.632549545938081,0.007599658363981826,Down
2016-08-17 00:00:00,54443000,6215.644820295834,78.57934090279639,0.01637358072556085,Up
2016-08-16 00:00:00,58405200,-4274.3009320906,-179.81806642691004,0.026479091742472288,Down
2016-08-15 00:00:00,57262300,2263.0560928433497,56.968570877666565,0.018124769934617663,Up
2016-08-14 00:00:00,60851100,4552.417424605018,258.2011304837856,0.03567342338496215,Up
2016-08-13 00:00:00,43563000,7453.027139874662,30.134840642876288,0.008155134840642814,Up
2016-08-12 00:00:00,69218000,-2295.0819672130683,21.05978260869581,0.010360054347826126,Up
2016-08-11 00:00:00,74514400,10000.0,50.66540566101466,0.014220090522191378,Up
2016-08-10 00:00:00,102905000,1579.7207935341473,-75.72534671998716,0.023160044244022827,Down
2016-08-09 00:00:00,92228100,444.4444444445761,54.81862479696821,0.010659177043855016,Up
2016-08-08 00:00:00,61194100,-2145.748987854117,28.51165772514179,0.008334176873502809,Up
2016-08-07 00:00:00,82398400,-982.2263797942699,-83.70621161338742,0.0181873862225019,Down
2016-08-06 00:00:00,80797300,-9344.955097728467,-221.7275620402414,0.032920021564092225,Down
2016-08-05 00:00:00,66127900,-2192.771084337285,56.02822162274347,0.014352908625579227,Up
2016-08-04 00:00:00,125292000,-8236.151603498492,-211.1842918439765,0.024226157893807544,Down
2016-08-03 00:00:00,207982000,-5598.868280414972,-322.6041628695375,0.05797761819706204,Down
2016-08-02 00:00:00,330933000,6040.2355250245355,971.8007915567274,0.13443271767810025,Up
2016-08-01 00:00:00,121887000,9614.624505928869,293.4678194044195,0.03240473903298112,Up
2016-07-31 00:00:00,110818000,9799.417664186383,464.3565867806453,0.047183636086093675,Up
2016-07-30 00:00:00,38456100,5810.473815461745,29.832118232599754,0.006103407862894006,Up
2016-07-29 00:00:00,60703500,-4617.940199335895,-28.697470653783263,0.004594648227015296,Down
2016-07-28 00:00:00,86428400,6527.331189710861,-8.250699017555098,0.004751791471221888,Down
2016-07-27 00:00:00,147461000,-3096.559378468331,-41.7414790602033,0.01382686493869219,Down
2016-07-26 00:00:00,225135000,-1400.96618357481,37.448603702062655,0.01582012442107519,Up
2016-07-25 00:00:00,78176500,8317.535545023622,108.27813568036731,0.012763512082993157,Up
2016-07-24 00:00:00,118184000,-6453.488372092961,-89.56225873880479,0.015745868998031844,Down
2016-07-23 00:00:00,69532200,-7936.305732483931,-74.22433267253588,0.012063374978869919,Down
2016-07-22 00:00:00,134169000,6072.507552870116,215.06346628165727,0.02986825482764846,Up
2016-07-21 00:00:00,60491800,-5834.767641996475,3.3071268583802182,0.008733821385084946,Up
2016-07-20 00:00:00,94636400,5151.515151515251,105.97345461571612,0.01422392651714442,Up
2016-07-19 00:00:00,61203300,-8513.274336283324,-1.7837500371615267,0.008398489758301837,Up
2016-07-18 00:00:00,69465000,3065.0154798761096,98.55694973595465,0.019005310307291686,Up
2016-07-17 00:00:00,74407900,-7144.259077527017,-263.9012673907465,0.030785963534192353,Down
2016-07-16 00:00:00,50330200,5960.729312763136,45.34634969417564,0.010741510741510736,Up
2016-07-15 00:00:00,81673100,-472.6368159203875,-61.89602075337229,0.012197157030811593,Down
2016-07-14 00:00:00,98511400,-340.6813627255956,-79.02959014887094,0.015285180420265911,Down
2016-07-13 00:00:00,131449000,10000.0,155.38507821901214,0.021404933814681136,Up
2016-07-12 00:00:00,138173000,-2478.932584269642,-250.97180230764457,0.04393163447892889,Down
2016-07-11 00:00:00,107910000,6341.296928327709,12.644954354799685,0.022591290402171196,Up
2016-07-10 00:00:00,102532000,-4687.21668177705,19.059329849369952,0.016953581309560362,Up
2016-07-09 00:00:00,180536000,-648.8781079442385,231.39950178576726,0.04949128125093793,Up
2016-07-08 00:00:00,141970000,-9874.338624338588,-403.1590941016704,0.04719911345580547,Down
2016-07-07 00:00:00,258091000,1861.189801699734,553.4663540238034,0.10411597280596957,Up
2016-07-06 00:00:00,134961000,-2038.3275261325273,-103.06971749052956,0.017123594164851912,Down
2016-07-05 00:00:00,130476000,3963.083604777462,184.13079433849094,0.026960963686128655,Up
2016-07-04 00:00:00,92008400,-10000.0,-377.35276259866447,0.05031876138433512,Down
2016-07-03 00:00:00,129512000,6551.107934238751,656.907386129907,0.07937926436585958,Up
2016-07-02 00:00:00,112354000,-10000.0,-398.5341273476871,0.0403410518227359,Down
2016-07-01 00:00:00,134431000,1896.1352657005493,-56.356039315399975,0.024624169157335868,Down
2016-06-30 00:00:00,138980000,-8937.8705852024,-511.2474437627812,0.060553552194071034,Down
2016-06-29 00:00:00,142456000,-4158.53658536589,65.67099298267432,0.025461094206048526,Up
2016-06-28 00:00:00,138385000,1405.9590316573467,168.66737577875736,0.032639416502051384,Up
2016-06-27 00:00:00,122134000,-10000.0,-411.8534996424876,0.05521569873679193,Down
2016-06-26 00:00:00,109225000,4927.6248725789865,549.0066523508469,0.07365639031129409,Up
2016-06-25 00:00:00,126656000,1782.1562984281481,2.4050024050019267,0.06789622414622426,Up
2016-06-24 00:00:00,224317000,-4179.950407368029,-634.9307842322311,0.0902522459157902,Down
2016-06-23 00:00:00,253462000,-8496.97991290911,-444.2287091590781,0.11915840921264068,Down
2016-06-22 00:00:00,266393000,8105.055378879265,1048.0395248607165,0.136940427385082,Up
2016-06-21 00:00:00,309944000,4302.241503976874,940.7783877806166,0.13155677556123274,Up
2016-06-20 00:00:00,174511000,7129.186602870816,349.50846281727297,0.04103779142067994,Up
2016-06-19 00:00:00,136185000,-7293.949499761763,-93.69755117683486,0.02773923271088558,Down
2016-06-18 00:00:00,252718000,-122.56014525648618,-99.76494470858523,0.05884395533949471,Down
2016-06-17 00:00:00,363321000,-1003.4013605442127,254.78535830004347,0.07651368267641748,Up
2016-06-16 00:00:00,271634000,-8080.310880828996,-1001.9812783552513,0.1108367311778557,Down
2016-06-15 00:00:00,99223800,-8458.298230834098,-128.1939096954859,0.034622564461556427,Down
2016-06-14 00:00:00,186694000,-916.0671462829573,268.8431511710441,0.059190915542938316,Up
2016-06-13 00:00:00,243295000,-5488.254707823721,-487.3073773542771,0.07669172932330826,Down
2016-06-12 00:00:00,277085000,-6899.742930591247,-1034.9691641516865,0.12760792546909866,Down
2016-06-11 00:00:00,82357000,-9725.834797891046,-484.90504086958134,0.049164463338344906,Down
2016-06-10 00:00:00,66991900,-4275.862068965583,-28.30647402056119,0.010072242289524788,Down
2016-06-09 00:00:00,71301000,3457.777777777866,130.02404671934127,0.019323256612847818,Up
2016-06-08 00:00:00,80265800,-7528.321318228545,-77.44685274702475,0.016823466223123234,Down
2016-06-07 00:00:00,107770000,2008.7912087911807,151.1657699205743,0.03885899735246391,Up
2016-06-06 00:00:00,72138900,-8433.024431339405,-190.39331709014863,0.020657848938391933,Down
2016-06-05 00:00:00,68874100,1489.3617021275563,-29.12909246306663,0.02377422336955573,Down
2016-06-04 00:00:00,94925300,3441.4831981459915,-53.00942584823825,0.04544417335135417,Down
2016-06-03 00:00:00,122020000,-7110.286320254545,-586.0363041214125,0.0701532510043149,Down
2016-06-02 00:00:00,60378200,-3452.5447042640953,-27.212913086429634,0.013550539598516303,Down
2016-06-01 00:00:00,86061800,-2935.7798165136896,-109.39353429609582,0.03283688878010215,Down
2016-05-31 00:00:00,138450000,1733.4360554699524,52.41580710983111,0.04859694116325658,Up
2016-05-30 00:00:00,87958700,-191.6783543711864,-101.99254451529862,0.04047533445607127,Down
2016-05-29 00:00:00,148737000,3274.293920536122,23.697580950936526,0.07920679457041041,Up
2016-05-28 00:00:00,181199000,-8871.153529702136,-1205.2089719468108,0.1284696530875421,Down
2016-05-27 00:00:00,164781000,-6191.636215996753,-439.6718998059622,0.05430852002116775,Down
2016-05-26 00:00:00,65203800,-9094.076655052299,-82.50494807303087,0.012764916494318075,Down
2016-05-25 00:00:00,65231000,-6698.113207547231,-79.36152087163207,0.009505447697619174,Down
2016-05-24 00:00:00,65783100,-2933.7539432176727,-38.03821828085254,0.007134979405343392,Down
2016-05-23 00:00:00,50582500,-9276.672694394052,-109.25230454079787,0.012586775918971274,Down
2016-05-22 00:00:00,39657600,8724.373576309916,87.99241911466166,0.009904787690086157,Up
2016-05-21 00:00:00,42762300,-4299.516908212784,-4.966476285075071,0.004673002686412157,Down
2016-05-20 00:00:00,81987900,-5885.885885885888,-111.6973891591856,0.015212773247447462,Down
2016-05-19 00:00:00,96027400,10000.0,347.8394790108247,0.03502596145384145,Up
2016-05-18 00:00:00,86850100,222.22222222223255,-20.498578324406683,0.005951200158698646,Down
2016-05-17 00:00:00,64100300,7671.2328767128565,5.065967709962736,0.0032157881984977853,Up
2016-05-16 00:00:00,59171500,5361.216730037912,74.95793177298346,0.011495006446819186,Up
2016-05-15 00:00:00,28514000,-3065.015479876172,-39.713884500614405,0.0070870633666842596,Down
2016-05-14 00:00:00,37209000,1414.6341463413182,3.290772673423221,0.004497389320345651,0.0
2016-05-13 00:00:00,60845000,-2299.1689750693567,-18.02792129273372,0.007936682422776769,Down
2016-05-12 00:00:00,59849300,-9368.421052631553,-51.27638413084304,0.012598077135595069,Down
2016-05-11 00:00:00,50605200,-53.76344086031936,-41.47628975735272,0.008250898283280775,Down
2016-05-10 00:00:00,58956100,7010.785824345154,209.11143924259522,0.02818552940154612,Up
2016-05-09 00:00:00,55493100,-3277.3109243697995,-49.54060365334756,0.012985312411339878,Down
2016-05-08 00:00:00,40315000,-4941.860465116249,-2.617629736273903,0.007503871910651567,Down
2016-05-07 00:00:00,38364500,2738.095238095106,23.931772691671004,0.007310068749456126,Up
2016-05-06 00:00:00,72796800,-7512.229210342456,-260.30271911416764,0.03194624280037506,Down
2016-05-05 00:00:00,50440800,-5969.58174904963,-28.430077679032006,0.005887488527232422,Down
2016-05-04 00:00:00,50407300,5410.526315789339,76.85814563063617,0.010551335021546936,Up
2016-05-03 00:00:00,59366400,-8113.207547169788,-125.24453038922476,0.019067748971285988,Down
2016-05-02 00:00:00,92127000,4577.8611632269485,160.64434757595183,0.023587723762529652,Up
2016-05-01 00:00:00,40660100,-7362.63736263727,-75.81163039600376,0.010145379950053539,Down
2016-04-30 00:00:00,69322600,8428.390367553851,150.70960938529842,0.01733380201239067,Up
2016-04-29 00:00:00,49258500,-9401.70940170946,-126.61044480541149,0.020827306913508852,Down
2016-04-28 00:00:00,74064700,-9162.790697674389,-89.20546467733172,0.028986158547546364,Down
2016-04-27 00:00:00,93564900,9511.9825708061,462.61742375498636,0.04922146441899367,Up
2016-04-26 00:00:00,78971900,-4100.9463722397095,-96.17675728365641,0.013733347774287826,Down
2016-04-25 00:00:00,87091800,-2033.7682271680958,-50.313643491897594,0.02838037985711803,Down
2016-04-24 00:00:00,68198400,-7165.775401069556,-177.5568181818182,0.024902343749999934,Down
2016-04-23 00:00:00,50485400,-10000.0,-99.13425739021126,0.013344996187143921,Down
2016-04-22 00:00:00,58804400,4381.625441696026,87.83828859881226,0.012586448442260279,Up
2016-04-21 00:00:00,68204700,-7666.666666666662,-181.4598341715371,0.02174799510670115,Down
2016-04-20 00:00:00,72890100,-6157.407407407343,-139.43765505834773,0.01984746852889825,Down
2016-04-19 00:00:00,52810500,-8712.121212121228,-158.85234429671107,0.018474457662701095,Down
2016-04-18 00:00:00,55670900,-3761.467889908214,-22.918079558475277,0.005098103411987575,Down
2016-04-17 00:00:00,52125900,5009.451795841255,75.23685677131732,0.01228404235556386,Up
2016-04-16 00:00:00,39392800,1287.6712328767946,-23.279093046534907,0.008496868961985189,Down
2016-04-15 00:00:00,54801500,-9199.9999999999,-124.40213933981983,0.012958556181231299,Down
2016-04-14 00:00:00,45281000,-762.7118644065633,-8.020002830588645,0.005566825494173736,Down
2016-04-13 00:00:00,69060400,5668.449197860961,44.63971054671845,0.008786974602354178,Up
2016-04-12 00:00:00,70728800,-585.5855855856939,-55.57657742881523,0.010500425692933493,Down
2016-04-11 00:00:00,50747500,-7647.058823529534,-14.459430630289274,0.005238580605399854,Down
2016-04-10 00:00:00,73478600,-4465.408805031487,-46.95059462808997,0.007578826950117989,Down
2016-04-09 00:00:00,49792700,-3242.0091324202604,33.26917135999566,0.010408497896913085,Up
2016-04-08 00:00:00,63454700,7486.910994764311,60.53297391880074,0.013548982052919102,Up
2016-04-07 00:00:00,57858600,-4203.821656050875,20.537273971956107,0.007412303479533646,Up
2016-04-06 00:00:00,59091000,2444.4444444441783,20.505326671065045,0.004242481380220502,Up
2016-04-05 00:00:00,60718000,-8739.726027397151,-71.49304071065487,0.008669421880195661,Down
2016-04-04 00:00:00,50634300,-3430.6569343066208,-3.323047709470362,0.006503679088535372,Down
2016-04-03 00:00:00,38053700,-2765.95744680842,6.410713013748335,0.004463755728090784,Down
2016-04-02 00:00:00,45681200,-3387.9781420765576,-58.55360642416683,0.008747191816834683,Down
2016-04-01 00:00:00,51235700,-8205.128205127918,-28.793550244744907,0.005614742297725386,Down
2016-03-31 00:00:00,60215200,546.6237942120844,-35.399508741512,0.007489283822183725,Down
2016-03-30 00:00:00,66034100,-715.9353348729869,48.221097329846486,0.01038792793225052,Up
2016-03-29 00:00:00,75411500,4319.526627218964,183.3608296016976,0.03186424699505063,Up
2016-03-28 00:00:00,68522800,4733.893557422973,54.38987223068792,0.008369476028601554,Up
2016-03-27 00:00:00,71229400,-6321.009918845782,-206.15104988759757,0.026522217439135295,Down
2016-03-26 00:00:00,44650400,-2307.6923076922762,-13.656947073340039,0.0065409588614419294,Down
2016-03-25 00:00:00,52560000,-2857.1428571429856,-16.086048354181553,0.006050274903363621,Down
2016-03-24 00:00:00,68346700,4357.366771160014,48.51584532288202,0.007623918550738486,Up
2016-03-23 00:00:00,61444200,2879.581151832271,2.869714941649238,0.004567629615458121,Up
2016-03-22 00:00:00,66813300,-9008.547008546942,-120.05906131241933,0.01416019170721086,Down
2016-03-21 00:00:00,61655400,-9276.3157894736,2.6607324270720727,0.007353296889361957,Up
2016-03-20 00:00:00,45947900,-5839.243498818007,-81.62768031189138,0.010307017543859693,Down
2016-03-19 00:00:00,58423000,-7119.999999999891,-28.8325269999513,0.009162879343204809,Down
2016-03-18 00:00:00,104940000,5267.175572519059,261.56223992390915,0.03426465343003216,Up
2016-03-17 00:00:00,83528600,-7556.270096463062,-65.32819641532505,0.007442149848046169,Down
2016-03-16 00:00:00,65185800,-2359.5505617975587,-2.8784571469693336,0.004269711434670951,Down
2016-03-15 00:00:00,66781700,-1719.7452229298283,-10.567016498955251,0.00754100722879989,Down
2016-03-14 00:00:00,95259400,-8064.5161290321985,-54.080154514727404,0.005987445678416268,Down
2016-03-13 00:00:00,74322800,241.9354838709742,-58.54488035952934,0.012049070812583594,Down
2016-03-12 00:00:00,92712900,7386.848847139156,236.94883897440783,0.02777448352743065,Up
2016-03-11 00:00:00,73969700,-3526.0115606936306,-106.65324513469439,0.016585178793979524,Down
2016-03-10 00:00:00,81022900,-8215.962441314572,-57.626464773110534,0.010271495394705094,Down
2016-03-09 00:00:00,70012300,-4705.882352941313,-23.436178694822956,0.010679165961970473,Down
2016-03-08 00:00:00,70311700,-1184.466019417605,11.822612556095939,0.012425807074265391,Up
2016-03-07 00:00:00,85762400,-6670.13527575438,-160.87894840102027,0.023567784971551927,Down
2016-03-06 00:00:00,91212500,-4792.312461252285,-179.51662838310193,0.04027264556077113,Down
2016-03-05 00:00:00,135385000,2415.7955865273116,248.55153610204925,0.041920249281853963,Up
2016-03-04 00:00:00,90856100,10000.0,258.3918073203105,0.033756874644414965,Up
2016-03-03 00:00:00,100484000,2483.221476510202,53.313203274281044,0.014059588120119787,Up
2016-03-02 00:00:00,74955300,10000.0,256.01544366051496,0.02741709374210008,Up
2016-03-01 00:00:00,74895800,2360.1637107775787,63.93861892583146,0.016738217025940774,Up
2016-02-29 00:00:00,60694700,-2240.325865580438,-98.28349944628994,0.022655961609449965,Down
2016-02-28 00:00:00,53033400,-6323.777403035407,-21.499410500034834,0.027417527798968985,Down
2016-02-27 00:00:00,41893600,-4420.880913539844,7.393032067276434,0.014162277053876711,Down
2016-02-26 00:00:00,61486000,-10000.0,-177.09535360195892,0.02479805948708281,Down
2016-02-25 00:00:00,70798000,-1287.671232876707,11.763598720120457,0.017174854131375896,Up
2016-02-24 00:00:00,67743700,-8969.072164948413,-94.78335233751449,0.027651083238312398,Down
2016-02-23 00:00:00,85244900,7350.272232304888,399.5436394751852,0.050290929834569356,Up
2016-02-22 00:00:00,85385200,-5758.564437194087,28.246657099250758,0.013963871614387561,Up
2016-02-21 00:00:00,89820700,-247.75962045336163,-23.52833679786257,0.043333257189848616,Down
2016-02-20 00:00:00,93992100,-5269.87242394505,-369.0702087286528,0.04833965844402276,Down
2016-02-19 00:00:00,55711300,-1599.9999999999914,45.89217703971797,0.013010668748373666,Up
2016-02-18 00:00:00,76752600,-2992.2779922780105,-139.2323018940397,0.024869769786590522,Down
2016-02-17 00:00:00,83193600,-3259.2077831827546,-212.43192856792348,0.03529902369621754,Down
2016-02-16 00:00:00,73093100,-6138.4820239680685,-150.96031686719982,0.01870811847644668,Down
2016-02-15 00:00:00,74070500,6136.183689627872,181.07318988149265,0.03098854184557253,Up
2016-02-14 00:00:00,74469800,-10000.0,-363.9325070623269,0.03639325070623269,Down
2016-02-13 00:00:00,61911700,-10000.0,-187.70798668885263,0.01877079866888526,Down
2016-02-12 00:00:00,67042800,-7420.560747663542,-120.36134741499626,0.014090442202849603,Down
2016-02-11 00:00:00,74375600,341.7533432392528,64.37936719792825,0.017612729318782598,Up
2016-02-10 00:00:00,85130900,-2103.092783505107,-146.21826399042936,0.02578758474013039,Down
2016-02-09 00:00:00,55318500,-4390.804597701053,-69.89448877938933,0.011649081463231811,Down
2016-02-08 00:00:00,47671100,9633.58778625953,87.85433697844788,0.017385072725342423,Up
2016-02-07 00:00:00,37076300,4237.855946398594,-2.921569148230157,0.01585615255902905,Down
2016-02-06 00:00:00,49249300,4199.438202247201,260.4826819110684,0.03683488967640138,Up
2016-02-05 00:00:00,43825000,6449.275362318763,60.42684494728634,0.0141938801748521,Up
2016-02-04 00:00:00,69285500,-8131.359851988864,-524.6238214874236,0.05840559742820867,Down
2016-02-03 00:00:00,45933400,4492.753623188454,125.45042039236591,0.018417189376751575,Up
2016-02-02 00:00:00,40378700,-337.83783783772446,-41.0275662340441,0.007937359219135416,Down
2016-02-01 00:00:00,51656700,-89.02077151338395,-100.44673074319695,0.027372410992283776,Down
2016-01-31 00:00:00,37894300,8498.402555910552,251.65878030082843,0.03309630177905849,Up
2016-01-30 00:00:00,30284400,2054.1760722348167,16.36445218676603,0.011692665030221466,Up
2016-01-29 00:00:00,86125300,-4812.466983623913,16.837231327773182,0.04980137328668019,Up
2016-01-28 00:00:00,59247900,9302.030456852777,376.0597241553829,0.03988358851069212,Up
2016-01-27 00:00:00,47424400,-2608.6956521741236,-64.4684537763742,0.012893690755274698,Down
2016-01-26 00:00:00,58147000,5611.111111111149,-3.826530612244318,0.01836734693877548,Down
2016-01-25 00:00:00,59062400,5381.263616557719,263.2233048319739,0.03422648637900175,Up
2016-01-24 00:00:00,54824800,-7196.885428253639,-383.148673022417,0.046328265910847766,Down
2016-01-23 00:00:00,56247400,1226.1146496815445,-132.3117956227284,0.032842611719791866,Down
2016-01-22 00:00:00,91546600,5895.24622829489,665.2837095790113,0.08573520439292265,Up
2016-01-21 00:00:00,68338000,5223.160434258163,223.29194766818398,0.039510997783761846,Up
2016-01-20 00:00:00,121720000,-7928.908978837079,-1066.2558592721339,0.1281666403328592,Down
2016-01-19 00:00:00,46819800,7305.936073059472,177.76399762292317,0.022633904348500093,Up
2016-01-18 00:00:00,54403900,-8372.70341207348,-142.5091032929033,0.029942629607314086,Down
2016-01-17 00:00:00,45319600,5933.762649493954,125.27444143096903,0.02807697274958028,Up
2016-01-16 00:00:00,120352000,-8305.750350631144,-615.4983975675906,0.09765250499904123,Down
2016-01-15 00:00:00,153351000,10000.0,1532.132481115631,0.1532132481115631,Up
2016-01-14 00:00:00,43945500,1005.4844606947255,45.80258622683888,0.01265354276064672,Up
2016-01-13 00:00:00,173888000,-4753.488372093036,52.91370464950448,0.024731405434007408,Up
2016-01-12 00:00:00,115607000,10000.0,278.682672140658,0.0278682672140658,Up
2016-01-11 00:00:00,40450000,-3441.1764705881933,6.017383552484551,0.015154891909962139,Down
2016-01-10 00:00:00,35995900,-9195.979899497503,5.577369266464394,0.017758343744422585,Down
2016-01-09 00:00:00,32278000,8141.935483870897,127.2663108209445,0.017093828576470068,Up
2016-01-08 00:00:00,56993000,2941.9613075383368,94.19941425886266,0.032762162871005834,Up
2016-01-07 00:00:00,87562200,-9514.98821151905,-652.0778586544504,0.06904490593242017,Down
2016-01-06 00:00:00,34042500,-36.23188405804112,63.67804381049414,0.012781920066688367,Up
2016-01-05 00:00:00,34522600,-133.33333333321207,25.63096035283011,0.010390929872768837,Up
2016-01-04 00:00:00,38477500,-4742.647058823502,-70.45528530902601,0.012649397758452304,Down
2016-01-03 00:00:00,39633800,-1738.6489479512602,82.33774620600565,0.020826606393283893,Up
2016-01-02 00:00:00,30096600,2505.9665871122006,27.150154157655123,0.009640605586489341,Up
