Close,Volume,Close Off High,Volatility,Movement
9348.48,7805480000,-0.7350135388460715,0.05370684630847936,Up
8987.05,7566290000,1.0,0.041807713793359555,Down
9281.51,8970560000,-1.0,0.06252396439961568,Up
8845.74,11083100000,0.9029064602106873,0.09746181591026927,Down
9697.5,10678800000,-0.9127463406148251,0.09007716294656355,Up
8930.88,6925190000,-0.6739719571108742,0.019300940713341094,Up
8802.46,6629900000,0.7941719587443259,0.024877143683067548,Down
8895.58,7548550000,-0.40947252619998986,0.03903584557888706,Up
8845.83,8438110000,-0.8917711463134556,0.07671041453478254,Up
8294.31,7063210000,-0.9452191857919955,0.0195985670286681,Up
8163.42,6529910000,-0.7794669489079232,0.03924636506332097,Up
7902.09,6900880000,0.899218286166634,0.050081395896259116,Down
8058.67,5631310000,0.4030802388756658,0.053423239624974674,Down
8329.11,5244480000,-0.9450883246335812,0.04238980014576223,Up
7986.24,5191430000,0.048284754504429594,0.03742506035173538,Up
7895.96,7764460000,0.3551984565795363,0.05379384363423271,Down
7889.25,8906250000,-0.9817336554652618,0.15710428474073299,Up
6968.32,4641890000,-1.0,0.022025376015383943,Up
6834.76,4272750000,-0.5524783073814383,0.02476072189585961,Up
6770.73,4894060000,0.5786251259397046,0.07326754037295295,Down
7023.52,3652500000,-0.08090614886731828,0.027685051112864612,Up
6911.09,3976610000,-0.3359998095374145,0.06334806824814376,Up
6636.32,3766810000,0.5658607384332206,0.04144537233199722,Down
6811.47,5639320000,-0.15334578921874154,0.042201017718820434,Down
6853.84,4936000000,0.8499699699699699,0.08931912274137287,Down
7456.11,5499700000,-0.6735521867161088,0.06454987567337718,Up
7083.8,4333440000,-0.6759384113644202,0.046588242856683754,Up
6844.23,4532100000,-0.18843618933493,0.07626380467966859,Down
6973.53,4553270000,0.36101995179043755,0.04995734481637958,Up
6890.52,6289510000,0.30292038533564924,0.08265134665932267,Down
7165.7,6361230000,0.8152801358234301,0.11441809634456145,Down
7954.48,4935290000,0.07363253856942897,0.04003149232534076,Up
7833.04,5378250000,0.8357749712973588,0.053109756097561085,Down
8209.4,5921040000,0.053741887784442666,0.07161877373221294,Down
8495.78,4569880000,0.5991584732300002,0.0270422777235304,Down
8668.12,5664600000,0.9853546356814327,0.03712445026089784,Down
8879.62,5954120000,-1.0,0.05940764057805122,Up
8728.47,5530390000,0.38944775200164283,0.05993775896476731,Down
8929.28,6043130000,0.4988521024649559,0.03703952344508753,Down
8913.47,6361790000,-0.5838942416771259,0.0767001520939898,Up
8630.65,6729110000,-0.81672644740308,0.059139849378964,Up
8223.68,6639190000,-0.9484849915046255,0.10740990454368031,Up
7916.88,4426150000,0.6100504019036548,0.06413311367222199,Down
8338.35,5289380000,-0.14873068432671221,0.06966794066017766,Up
8300.86,6834430000,-0.6048659538199295,0.07783363648205957,Up
8269.81,6438230000,0.6873669654925978,0.13969711274980603,Down
9194.85,5991140000,0.07588980651711097,0.05583645116558945,Up
9205.12,6457400000,0.4930229239503796,0.1021636104813843,Down
9578.63,6296370000,-0.7587552160178129,0.12479356767026838,Up
8866.0,5386320000,0.8932062317706462,0.07516637987549453,Down
9337.55,8704190000,-0.7297864305794464,0.10125877750621631,Down
9395.01,7186090000,0.8542506130395684,0.08154900195348601,Down
9965.57,8797910000,0.5580177471754852,0.11453086385471906,Down
10779.9,6832170000,0.7875403325887311,0.0700689559221225,Down
11573.3,6468540000,0.005380476556500646,0.022562519510249446,Up
11512.6,6084150000,-1.0,0.03274653399899108,Up
11489.7,6690570000,-0.8535564853556489,0.04736126248660149,Up
11086.4,7620590000,-0.3945116553555593,0.030872519904531097,Up
10951.0,7317280000,-0.7104059462550043,0.06736639383726514,Up
10397.9,6936190000,0.9862207549878017,0.06519013399206516,Down
10725.6,6966180000,-0.5164452877925372,0.0608433792897757,Up
10366.7,7287690000,-0.777451272514309,0.10065433019319654,Up
9664.73,5706940000,0.0015886546807186708,0.05268863523613727,Down
9813.07,6917930000,0.4932538586785751,0.1020859861776686,Down
10301.1,7739500000,-0.5052740654143557,0.07575069914974936,Up
10005.0,8040080000,0.8801647257752205,0.10318655960376724,Down
10690.4,9405340000,0.5501383862039613,0.082604948910501,Down
11403.7,9926540000,0.5269024356680851,0.06470022614362798,Up
11225.3,7652090000,-0.8724691033394686,0.07207702367189114,Up
10551.8,8744010000,0.5588982223090457,0.09204020353489036,Down
11112.7,8660880000,-0.9458640541359473,0.09699730590252269,Up
10233.9,7296160000,-0.6386796987662209,0.04925954793452851,Up
10166.4,9062540000,-0.8369914920998077,0.08844769147752177,Up
9494.63,7909820000,-0.9479436546123498,0.10681727271881608,Up
8598.31,5696720000,0.43187691329066213,0.05635440564955544,Down
8926.57,6256440000,-0.8594417932716778,0.10372747785094262,Up
8129.97,6122190000,0.4193830927112674,0.07950553206602023,Down
8621.9,7780960000,0.21064467766116857,0.0948477536903331,Down
8736.98,6784820000,-1.0,0.10303269889166129,Up
8265.59,9346750000,-0.36328197109380933,0.12057173082512651,Up
7621.3,9169280000,0.39557658450704225,0.16405410876682203,Down
7754.0,13999800000,-0.8927010053039215,0.25560180097139,Up
6955.27,9285290000,0.7530220873544919,0.19444437727161706,Down
8277.01,7073550000,0.6229202623403522,0.1420763538476629,Down
9174.91,7263790000,-0.5660492570730715,0.13320199003176647,Up
8830.75,12726900000,-0.5370302944738772,0.1472050735702692,Down
9170.54,9959400000,0.5147238100398226,0.1442294354956872,Down
10221.1,8041160000,-0.46870138038332976,0.059771274806592695,Up
10106.3,8637860000,0.8896931549960683,0.11241023101142676,Down
11296.4,7107360000,0.6634118322803015,0.059240355578239944,Down
11786.3,8350360000,-0.10088495575221235,0.04923618554634737,Up
11440.7,7583270000,-0.44318363432955343,0.055991552497113975,Up
11171.4,9746200000,-0.18189480782198164,0.10540156361051896,Down
11259.4,8873170000,0.4452835370039827,0.06376458845881094,Down
11359.4,9940990000,-0.6703806870937792,0.07902122273786162,Up
10868.4,9660610000,-0.1839089670646672,0.11402074101146692,Down
10931.4,10537400000,0.19916579770594445,0.14838693039688466,Down
11600.1,9935180000,0.6119922871182437,0.12473233404710912,Down
12899.2,11801700000,-0.718274813381256,0.12412278444089833,Up
11607.4,10740400000,-0.06080175459973158,0.07180353112040447,Up
11474.9,15020400000,0.08585164835164849,0.10401114405114828,Up
11188.6,18830600000,-0.5698924731182797,0.19908057842202403,Down
11490.5,18853800000,0.289731922591963,0.26367256669148104,Down
13819.8,12750800000,0.5568549390395654,0.05838472322096557,Up
13772.0,11084100000,0.18958031837916023,0.08655050519108187,Down
14360.2,12763600000,-0.1534436430490762,0.05067945299733382,Up
13980.6,12065700000,-0.5348012688934514,0.07966463256007547,Up
13405.8,16534100000,0.6864446651680698,0.1277975975735225,Down
14973.3,18500800000,-1.0,0.08788429242211321,Up
14595.4,16660000000,0.6806707033069406,0.07098130748427964,Down
15170.1,18413900000,0.17422844143022753,0.1413978951457254,Down
16477.6,15866000000,0.47731081171660517,0.08511864348758781,Down
17527.0,18314600000,-0.6087782232538492,0.054277549664702586,Up
17429.5,23840900000,-0.7796515345268538,0.1616829917556148,Up
15599.2,21783200000,-0.7691991786447638,0.07972784482702168,Up
15201.0,16871900000,0.021007826445145206,0.04862400021364378,Up
14982.1,16846600000,-0.5944761069706269,0.16741284403669726,Up
13657.2,10291200000,-0.04960835509138384,0.06784909510919629,Down
14156.4,12136300000,-0.7274633123689727,0.12574334958946162,Up
12952.2,14452600000,0.4835749206621489,0.1588214059488213,Down
14656.2,13025500000,0.2814814814814799,0.06614134650716531,Down
14606.5,12336500000,0.31402798421403255,0.12298838257449211,Down
15838.5,12487600000,0.20268633711328876,0.11238902465431387,Down
16099.8,13454300000,-0.7028327097808648,0.17328270378866684,Up
14026.6,10664700000,-0.009876759024561754,0.08174536828642677,Up
13925.8,11572300000,-0.2544321993291796,0.12857846962664798,Down
14699.2,13086000000,0.018935978358880945,0.1272089872174469,Up
13831.8,22198000000,0.0274425846632933,0.258548245062272,Down
15802.9,16516600000,0.5863370786516864,0.1336946594241215,Down
16624.6,22149700000,0.4109854604200347,0.10455904461073293,Down
17776.7,16894500000,0.47298149705634995,0.09950675530774168,Down
19114.2,14839500000,-0.4940399960595022,0.053128794540049325,Up
19140.8,13314600000,0.7009597273298045,0.057245401986054566,Down
19497.4,12740600000,-0.8007631507222684,0.1239506089424166,Up
17706.9,14310000000,-0.4240082431736253,0.09353484365682202,Up
16564.0,13777400000,0.15968440937881878,0.05492352574978942,Up
16408.2,12976900000,0.54320069418619,0.09219428571428559,Down
17415.4,14603800000,-0.394480251198153,0.07152566815210586,Up
16936.8,12153900000,-0.45275235882603804,0.1367113058584079,Up
15455.4,13433300000,-0.6987804878048776,0.17299121858600774,Up
15178.2,13911300000,0.032656606930278276,0.18810407122063996,Down
16569.4,21136000000,-0.1116643844142915,0.22560931084261562,Down
17899.7,17950700000,-1.0,0.2693378008004992,Up
14291.5,12656300000,-0.9365416854070406,0.20511766777932475,Up
11916.7,6895260000,-0.4604585868039337,0.03657461683938486,Up
11657.2,6132410000,-1.0,0.05085105254785527,Up
11323.2,6608310000,0.07454600180595894,0.08993295857507654,Up
11074.6,5138500000,0.18332931823657028,0.0378109543371925,Up
10975.6,6783120000,-0.8948263747642464,0.13257211774165092,Up
10233.6,8310690000,-0.2902842490384322,0.16139940384322274,Up
9888.61,11568800000,0.699870066845129,0.19016512195606,Down
10058.8,6348820000,-0.6563944530046163,0.039639922104601086,Up
9818.35,5653320000,-1.0,0.049785516940526506,Up
9330.55,5475580000,-0.485160703294348,0.0850309021235539,Up
8790.92,4342060000,-1.0,0.07277251929514633,Up
8253.69,5058610000,-0.44385199547584675,0.05365728596163987,Up
8038.77,4225180000,1.0,0.027772041621013512,Down
8253.55,3633530000,-0.5704396137395744,0.028075192344592374,Up
8071.26,4277610000,-0.053161532553973156,0.07140733194081214,Down
8200.64,3488450000,-0.2969290322580601,0.04820209302817377,Up
8036.49,3149320000,-0.679164316716117,0.052512029956103635,Up
7790.15,3667190000,-0.5500415134622223,0.05476659724757414,Up
7708.99,4651670000,0.33303269447576267,0.05647113350998336,Down
7871.69,5123810000,-0.7579919069296902,0.10798499025021714,Up
7315.54,4200880000,-0.9244936324188326,0.10663384960420569,Up
6635.75,3197110000,-0.1476437027998565,0.04621365911349262,Up
6559.49,6263250000,-0.47936704933291985,0.1628257483265271,Up
5950.07,8957350000,0.22053451954721437,0.17568879111104052,Down
6357.6,4908680000,0.541416889659605,0.10106804903144306,Down
6618.14,5208250000,0.5857301200964418,0.12199093079890101,Down
7143.58,3226250000,0.7563928064637597,0.0463700661892375,Down
7459.69,4602200000,-0.04368961352656808,0.09275518177159031,Up
7144.38,2326340000,-0.05360090348362512,0.03278039612137081,Up
7022.76,3111900000,0.929526068512522,0.059225580220498654,Down
7407.41,2380410000,0.47785711773189155,0.038394116026427096,Up
7379.95,2483800000,-0.5107673642705495,0.06442616910089775,Up
7207.76,3369860000,0.106272499181846,0.06466992026841514,Up
7078.5,4653770000,-0.050853584397232754,0.08979502107625364,Up
6767.31,2870320000,-1.0,0.06046139013223168,Up
6468.4,2311380000,-0.9889403432307238,0.059866080019308536,Up
6130.53,1772150000,-0.029975881474671895,0.028478212875213522,Up
6153.85,2859040000,-0.6164404194829904,0.09229916377614505,Up
5753.09,1403920000,0.31850903855382784,0.032400800301322544,Down
5780.9,1710130000,0.598720961590324,0.0439968540986553,Down
5904.83,1905040000,-0.43681039204945393,0.0444645482302386,Up
5750.8,1966990000,-0.9801935755365423,0.06452050827209206,Up
5526.64,2735700000,0.8958594148467565,0.07267097069843925,Down
5930.32,2401840000,-0.15324084868267385,0.05712953712953711,Down
6008.42,2034630000,-0.5221189067342904,0.04703263062686984,Down
6031.6,2207100000,0.42099995648578803,0.03832216902709623,Up
6011.45,2354430000,-0.7751801885048981,0.07583595971346034,Up
5708.52,1780540000,-0.6640255051807404,0.03819841181716913,Up
5590.69,2399270000,-0.9419514567399084,0.08072707545924032,Down
5605.51,1821570000,0.18939047095809336,0.057062690060924015,Down
5725.59,2008070000,-0.5634859063873845,0.040794223191978216,Up
5678.19,1976040000,-0.06764383341803293,0.06406315327726714,Down
5831.79,1669030000,-0.9519629358693013,0.04360037068997587,Up
5647.21,3615480000,-0.04280579997521261,0.07383568563146024,Up
5446.91,2791610000,-1.0,0.12939220387694164,Up
4826.48,1222280000,-0.22604422604422258,0.02549459727514735,Up
4781.99,1597140000,0.7849366524479602,0.032885907445443084,Up
4772.02,1968740000,-0.3214399287667774,0.06814576597349237,Up
4610.48,1313870000,-0.8749656750572012,0.049326473529630877,Up
4426.89,906928000,-0.7233574859562031,0.028111732866444646,Up
4370.81,1069940000,-0.08432175975847056,0.021445452148938986,Up
4328.41,1161770000,-0.6552696510398264,0.0469493224394073,Up
4229.36,1116770000,0.7330326309112756,0.032849697988364124,Down
4317.48,1288020000,0.324922226062919,0.03937429397113729,Down
4409.32,1431730000,0.3131400237145665,0.02110418785161313,Up
4403.74,1208210000,-1.0,0.030851982815217373,Up
4338.71,1207450000,-0.8003745507921224,0.047423135730933805,Up
4163.07,1367050000,-0.41188547963955335,0.04203163279493342,Down
4174.73,1712320000,0.23318200577796677,0.04041094748077867,Down
4200.67,1686880000,-0.9423177443655253,0.0835435429264258,Up
3892.35,1043740000,0.5509550955095537,0.02545304588879465,Down
3926.07,1374210000,-0.8200022332229141,0.0729768197350051,Up
3682.84,768015000,0.7533462282398444,0.034047653543721926,Down
3792.4,928114000,-0.7612963540043634,0.061882906510336344,Up
3630.7,1194830000,0.24616586890690928,0.05643298548519572,Up
3631.04,1411480000,0.8850028072261313,0.07760920883666925,Down
3905.95,1213830000,0.44466198318553674,0.04434219530380247,Down
3924.97,1563980000,0.5017761989342822,0.05528021817521283,Down
4065.2,1943210000,-0.942516491170565,0.13593087335600051,Up
3582.88,1239150000,-0.2523611808185444,0.060774537750812485,Down
3625.04,1818400000,0.14499299174583458,0.08825510274207964,Down
3637.52,4148070000,-0.7561607971226317,0.2485014054258914,Up
3154.95,2716310000,0.9971567936979948,0.19784949566105942,Down
3882.59,2219410000,0.45816523416944266,0.08278355655158048,Down
4130.81,1864530000,0.6485371776587086,0.06223014334785358,Down
4161.27,1557330000,0.23744376656189514,0.039362324043595326,Up
4122.94,1679090000,-0.16779891304347727,0.06960896972104386,Down
4226.06,1386230000,-0.14991525858970478,0.04603280052768328,Down
4228.75,2700890000,0.47570926223071885,0.12720947806373725,Down
4599.88,1844620000,-0.326125465762631,0.03567335056241475,Up
4597.12,2172100000,-0.8327100473697322,0.054988015783977905,Up
4376.53,2697970000,-0.7611988923277389,0.10163210186623907,Up
4236.31,2987330000,0.4706040601783803,0.10524149376147478,Down
4582.96,1933190000,-0.11551822995716554,0.06466140489000642,Down
4578.77,2722140000,0.5669039145907449,0.10319458442655398,Down
4892.01,2599080000,-1.0,0.045404274144150374,Up
4703.39,1944930000,-0.650040182159124,0.04097164143393074,Up
4565.3,1937850000,-0.21062471794210524,0.033938245564900923,Down
4579.02,2486080000,-0.6588557850484384,0.062323288245492964,Up
4382.66,1959330000,-0.7627307713759781,0.04089224418114016,Down
4382.88,1537460000,-0.32104733131923513,0.02285332903730643,Up
4352.4,1511610000,-0.510204081632648,0.025104870472957667,Down
4371.6,1727970000,0.13380519042803862,0.034238671350298296,Up
4334.68,2037750000,-0.6610734164872221,0.05948617556071154,Up
4151.52,2369820000,0.17562158200371392,0.043377247793475654,Up
4100.52,3764240000,-0.8756440177903044,0.11359185664086444,Up
4001.74,2800890000,0.7819810851169764,0.029468424243609653,Down
4087.66,2109770000,0.7186931413654021,0.03017442013123876,Down
4193.7,2975820000,-0.63653698067544,0.0659078001329225,Up
4160.62,2941710000,0.1812364333436709,0.08203101513757013,Down
4331.69,2553360000,0.2698452217934384,0.05496483017215421,Down
4376.63,2272040000,-0.9762157131408212,0.09209016412957034,Up
4181.93,3258050000,-0.0031102784699621466,0.12706061257363674,Down
4325.13,2463090000,-1.0,0.08262708738102857,Up
4073.26,3159090000,-0.2291280413018052,0.09035731590395979,Up
3884.71,2219590000,-0.6120992207483196,0.09209917192375021,Up
3650.62,2021190000,-0.8107932379713919,0.09117261738919086,Up
3381.28,1515110000,0.07732497387669213,0.0400916860172839,Up
3342.47,1468960000,-0.08287166600033868,0.05118991930768335,Down
3419.94,1752760000,-0.06617752841317992,0.041249532671457645,Up
3378.94,1482280000,-0.8271137967618453,0.06747738718493017,Up
3213.94,1105030000,0.15258914953881741,0.042267183610069974,Down
3252.91,1945700000,-0.8212823353726079,0.14328261372224896,Up
2895.89,1002120000,-0.9557869031553236,0.0554377914661214,Up
2804.73,804797000,-0.8661153155964747,0.04730288312493544,Up
2710.67,1094950000,0.10410900574835202,0.03444646936523013,Down
2718.26,1324670000,0.7229999151607693,0.08210218367986619,Down
2875.34,860575000,-0.831015916217978,0.0611637063736772,Up
2757.18,705943000,-0.976249120337784,0.041726771864527584,Up
2726.45,803746000,0.4196274577440562,0.04131071385312539,Down
2809.01,1380100000,-0.18758037846775966,0.08124699130136237,Up
2671.78,789104000,-0.737285034760337,0.06459185964525291,Up
2529.45,937404000,0.016629157289327123,0.06205363550665887,Down
2576.48,1460090000,0.33463360267483977,0.10412330009066179,Down
2754.86,866474000,-0.4261560138337378,0.028568814725363257,Up
2730.4,1072840000,0.14205565529622843,0.0634735230226843,Down
2810.12,1177130000,-0.48903326657222246,0.07670977243004838,Up
2667.76,1489450000,0.5760066494274074,0.07629623627312472,Down
2817.6,2249260000,-0.7365292243306227,0.2779033345228183,Up
2273.43,1245100000,0.8072148386154547,0.05894760404290858,Down
2318.88,1512450000,-0.3831448572967153,0.09977076542856127,Up
2228.41,1201760000,-0.9860341759828117,0.15412755740911296,Up
1929.82,1182870000,0.19542041346064742,0.10830430024397836,Down
1998.86,993608000,0.9297968678602597,0.10794486395350913,Down
2233.34,882503000,0.4432039104593646,0.07626483209706056,Down
2357.9,835770000,0.595449697831492,0.03512298664002991,Down
2398.84,1117410000,-0.6652083193107645,0.06368823330204014,Up
2337.79,1329760000,0.29744556831818847,0.04889579989018767,Down
2372.56,1111200000,0.5238624265148368,0.08554796554796544,Down
2518.44,527856000,0.985581000848178,0.045828944146217125,Down
2571.34,733330000,-1.0,0.031357751352037756,Up
2518.66,917412000,0.905145349533875,0.15995997837912435,Down
2608.56,761957000,-0.5341136168998051,0.013431233464974405,Up
2601.99,941566000,-0.5086801426872691,0.03231048803820395,Down
2601.64,985516000,-0.17081949058692758,0.02820773135493957,Up
2564.06,964112000,-0.45970488081725314,0.045838402920082046,Up
2506.47,803747000,-0.8692230408573276,0.04902314890822527,Up
2434.55,779914000,0.6809662640566396,0.03853004894487682,Down
2480.84,860273000,0.940361296708728,0.03182842110237716,Down
2539.32,949979000,0.2638162093171621,0.03051535309788278,Down
2574.79,1183870000,-0.5117096018735352,0.04683062870393217,Up
2552.45,1489790000,-1.0,0.08854727753232869,Up
2478.45,1663280000,0.14496149983260942,0.09224224784506885,Down
2589.41,1161100000,0.4269248501613667,0.0499146610413272,Down
2608.72,982750000,0.7078111587982863,0.06381183997195565,Down
2744.91,961319000,-0.31088435374149126,0.02171873499449651,Up
2705.41,1097940000,-0.5495207667731627,0.03024120875649831,Up
2689.1,1626580000,0.4857091658453583,0.04119316609028472,Down
2721.79,1854190000,-0.5201290099637167,0.06700601251900606,Up
2589.6,1446840000,0.2871200140572867,0.044652279494552714,Up
2548.29,1178660000,0.5615009947177054,0.05489671794678667,Down
2655.88,1534510000,-0.707236677820507,0.07964566568947617,Up
2518.56,1195190000,-0.7239775150222895,0.06267082933466149,Up
2464.58,2026260000,-0.5640714840714833,0.12872162523303915,Down
2506.37,1696560000,0.5002273395918593,0.13761741409263561,Down
2717.02,1781200000,0.03879994230491923,0.0517212439059871,Up
2659.63,2569530000,0.4106120743680799,0.16209425643873476,Down
2958.11,1752400000,-0.5067597872749425,0.05304155437209625,Up
2947.71,2018890000,-0.967912345920566,0.07228779339070895,Up
2823.81,1348950000,0.468564426430389,0.03778887527427127,Up
2805.62,1281170000,-0.865881537928642,0.05306029428522081,Up
2732.16,1517710000,0.6256367728942083,0.05883500965365346,Down
2863.2,2089610000,-0.11534603811434196,0.11486004370382472,Up
2686.81,1369310000,-1.0,0.07028737462187555,Up
2511.81,1355120000,0.11106111736032953,0.05233947852845011,Down
2515.35,1514950000,-0.15927750410508934,0.06349550069775263,Up
2488.55,1317030000,-1.0,0.04793201415955708,Up
2407.88,1653180000,-0.49381481944271177,0.06994620531129686,Up
2286.41,1544830000,-0.701891124403358,0.07567243815123503,Up
2175.47,1443970000,0.426123231298273,0.07865263195232684,Down
2255.61,994625000,-0.48529117470482264,0.09256146297865646,Up
2155.8,1147140000,0.04604707868329605,0.10382263592459896,Up
2038.87,1700480000,0.09469050621955133,0.18411670696225868,Down
2202.42,1763480000,0.4801514547628527,0.2162101607572958,Down
2304.98,2406700000,0.9177274722518349,0.1955695271109948,Down
2443.64,1725380000,-0.20850012354830771,0.08716835317075688,Up
2320.42,1378750000,-0.994378864530634,0.06494004270930304,Up
2173.4,1942220000,-0.08750830332482673,0.1399918754496646,Up
2041.2,1147860000,0.9092914930129923,0.039467254950339335,Down
2084.73,961336000,-1.0,0.0553410877716405,Up
1987.71,1157290000,-0.70578454537499,0.060225469992674065,Up
1888.65,894321000,-0.6748151191454415,0.05353274316819713,Up
1839.09,1064730000,-0.7530424458296225,0.11706520417204767,Up
1734.45,959045000,0.03601609657947602,0.057070678073146974,Down
1738.43,731529000,0.42662574333397085,0.05765189887416779,Down
1808.91,437196000,-0.17846715328467455,0.030429905711715617,Up
1804.91,579635000,-0.9001914643937999,0.09396327591810211,Up
1724.24,740984000,0.6271123720241767,0.08784457350901531,Down
1848.57,799490000,-0.5722718839601941,0.06660413284878995,Up
1787.13,915723000,-0.9622151716181153,0.03947578165918984,Up
1755.36,1167920000,0.3333902210086197,0.06797997552047988,Up
1723.35,1340320000,-1.0,0.07917115447235919,Up
1596.71,1080030000,-0.9994588744588749,0.02340025451575531,Up
1578.8,582530000,-1.0,0.023316910862597205,Up
1555.45,946036000,0.4268125854993139,0.05692887784173878,Up
1537.67,933549000,0.2055165411625346,0.07928383599871207,Up
1490.09,583796000,-0.8816254416961102,0.031146390788152248,Up
1452.82,477338000,-0.2757258203057845,0.0409632449701977,Up
1421.6,713624000,-0.7042548244594273,0.06379885782095972,Up
1347.89,413115000,-0.998787511367082,0.024957068395530583,Up
1321.79,422706000,-0.09758131776479106,0.009098221331876412,Up
1316.48,527489000,-0.23927011051144054,0.02952782794785017,Down
1317.73,449197000,-0.8973958333333322,0.02995600212188355,Up
1281.08,329631000,-0.04844290657438999,0.02282798442325758,Up
1265.49,242556000,-0.7626348665531028,0.014082930145147667,Up
1250.15,235806000,-0.9617526022754798,0.03415093871679765,Up
1207.21,258951000,0.7685774946921455,0.02293980128579777,Down
1231.71,249320000,-0.7157622739018146,0.022155703314767947,Up
1222.05,272167000,0.3631010794896983,0.016576922451237257,Down
1229.08,315108000,-0.2767140210006128,0.026736466624830632,Up
1210.29,288061000,0.0009587727708524341,0.008604687616014836,Down
1211.67,270524000,-0.5042016806722794,0.019936838754533916,Up
1193.91,253206000,-0.9110112359550554,0.018804141136699766,Up
1182.94,183231000,-0.41409993155373914,0.012459385473431174,Up
1172.52,203559000,0.3437500000000038,0.01973785659213567,Up
1167.54,254827000,0.5001612383102223,0.026496800047849746,Down
1169.28,351969000,0.4806875631951504,0.041173335997735296,Down
1200.37,288702000,0.3044315992293136,0.008615466339090902,Down
1205.01,216182000,-0.7030567685589558,0.0173563741094436,Up
1187.13,215883000,-0.4318584070796775,0.009517392402930982,Down
1187.87,242343000,-0.263116370808671,0.021545679390091655,Up
1175.95,209312000,-0.19375000000000575,0.019102033854944005,Up
1176.9,317022000,-0.16515739542907215,0.019670212224540542,Down
1182.68,511222000,-0.8180946291560156,0.05556887929579587,Up
1124.78,414784000,-0.039142590866725335,0.018921826229565845,Down
1133.25,436310000,0.291202672605791,0.03135693833368258,Down
1143.81,580444000,-0.6749333879893392,0.044235912779364395,Up
1102.17,514187000,-0.662725575606729,0.029742460277065615,Up
1080.5,289634000,-0.2673849167482868,0.028580492857209608,Up
1071.79,447287000,-0.870339685169838,0.047027195511571696,Up
1026.43,352969000,0.5630769230769161,0.02806536110764625,Down
1039.97,298458000,-0.227515923566877,0.03752103089629867,Down
1047.15,326332000,-0.052004333694476435,0.035344348924926834,Up
1045.77,372535000,-0.9830690674549823,0.07655984774445766,Up
966.73,303668000,0.5335689045936407,0.05520477202492786,Down
972.78,435803000,-0.917279666897987,0.0769321118158327,Up
937.52,491038000,0.9404391669022718,0.10218113534594829,Down
1038.59,248540000,0.3356258596973949,0.027693919337174352,Down
1049.14,380841000,0.3436677940623818,0.09498059162093432,Down
1120.54,337391000,-0.9436409721186791,0.06355177380230459,Up
1054.23,286530000,-0.3320683111954471,0.02540395665419759,Up
1036.74,406648000,-0.2880446447735555,0.09539995699937553,Up
973.82,621302000,0.7932489451476783,0.14224008584237371,Down
1100.23,706599000,0.9836207966248893,0.06828735086767908,Down
1187.81,638568000,0.3297328027288251,0.08434225983553496,Down
1249.61,297805000,-0.6627318718381084,0.009563282157140933,Up
1240.0,245306000,-0.6006641760066449,0.019551032333463118,Up
1231.92,380277000,-0.4641101278269577,0.016647841673623664,Up
1221.38,227176000,-0.7830298333979118,0.04387142832860237,Up
1175.83,283320000,-0.5355438007998967,0.0694334957718217,Up
1116.72,563796000,0.5914501604388778,0.16245711979552033,Down
1188.49,212283000,-0.6809532278143331,0.048880775416177705,Up
1150.0,332603000,0.954329210275926,0.06873605127408594,Down
1223.54,291256000,0.4702473498233213,0.05556820948625914,Down
1272.83,153657000,-0.44385964912279874,0.008994295722975764,Up
1267.12,134127000,-0.9883681149503885,0.023304020601296365,Up
1255.15,183270000,-0.007977091429742234,0.03827215581284305,Down
1274.99,315739000,-0.6405405405405438,0.02366655739539934,Up
1251.01,368275000,-0.5218232638142306,0.037977267531110345,Up
1222.5,229057000,-1.0,0.03627843123961895,Up
1179.97,184956000,0.23938404106392275,0.018149942408022278,Down
1179.97,131570000,-0.7838709677419354,0.015982402172231788,Up
1165.2,116486000,-0.8781862087469824,0.032570984120880546,Up
1143.84,139961000,0.2339832869080778,0.042942216829999734,Down
1173.68,330759000,-0.2193482390764281,0.058352022239087295,Up
1166.72,189454000,-0.6681193429433494,0.05339801480394162,Up
1117.44,136100000,-0.3599033816425121,0.022282023681377956,Up
1115.3,186869000,-0.9032738095238071,0.03735823882588386,Up
1079.98,109478000,-0.973711340206186,0.03699854103691268,Up
1047.87,77423300,0.33932584269664656,0.012656907732564667,Down
1054.42,99073500,-0.055162659123069835,0.013476806359070035,Up
1046.21,136474000,-0.4943697784235348,0.026829220753907902,Up
1027.44,122277000,-0.5388802488336037,0.025524735771349092,Up
1007.48,89759400,-0.6253443526170757,0.00721519364744933,Up
1004.55,137946000,-0.4440894568690059,0.025248553048177913,Up
990.64,100607000,-0.1218390804597681,0.026129264776549758,Down
999.18,67530000,0.4234693877551068,0.007812500000000031,Down
1004.45,102261000,-0.634164777021925,0.026757002730306324,Up
988.67,190452000,-0.6081210496073537,0.052439159125377825,Down
994.38,407220000,0.39491338002211607,0.12740678125293506,Down
1063.07,201855000,-0.23336547733847235,0.0390466149559455,Up
1061.35,146007000,-0.9467645709040702,0.020949103005364626,Up
1038.15,111762000,-0.21237864077669877,0.016024893037728527,Up
1027.34,114208000,0.5324553151458242,0.020373351732597463,Down
1042.9,155064000,-0.8048145738451536,0.029806172612064155,Up
1029.91,201278000,-0.6842105263158038,0.02479583967729809,Up
1011.8,145821000,-0.8864686468646845,0.03060606060606056,Up
989.02,150110000,-0.9902014153511125,0.01891980966898058,Up
970.4,164582000,-0.9365452408930668,0.055442147324530865,Up
920.38,78227300,0.49162011173185105,0.0038906699994565312,Up
919.5,60851700,0.8360655737704805,0.0046308848568980465,Down
921.59,68979600,0.13170731707313332,0.004457442297865889,Up
919.75,125594000,-0.05834464043418586,0.008025175312513616,Up
917.59,131958000,-0.7966101694915245,0.018960759760192392,Up
901.54,120831000,-0.7041522491349403,0.012960803659520972,Up
892.69,111349000,0.9748822605965406,0.034973865682786515,Down
921.01,73588600,0.2593235039028634,0.012458130740140435,Down
924.67,116573000,-0.3568568568568563,0.04333069474414725,Up
921.79,111158000,-0.6494974874371837,0.0355535704315784,Up
895.03,86728400,-0.29459241323647956,0.013794715922375482,Down
899.07,105625000,-0.45337937839171494,0.022817840016209987,Up
886.62,225677000,0.04324324324324236,0.0651000142956113,Down
907.94,155095000,-0.9343029087261813,0.09598652145135085,Up
831.53,82755200,-0.5792426367461427,0.017352576115261982,Up
821.8,71013600,-0.7107279693486591,0.01276065221111294,Up
818.41,93063300,0.47414935925762847,0.027425648980779014,Down
823.98,168968000,-0.7951020408163273,0.060964988677930675,Up
804.83,222326000,-0.3922542204568036,0.09093371862019145,Up
777.76,310929000,0.8085391537430595,0.17254327621900195,Down
907.68,115808000,0.04127443881245818,0.015302956429236358,Up
902.83,141877000,-0.3589138134592693,0.03709868161709968,Down
911.2,158715000,0.1364701640526398,0.061078872898245956,Up
908.59,279550000,-1.0,0.09411282914033368,Up
902.2,351876000,0.775772088168478,0.160583293894936,Down
1013.38,510199000,0.26635314236853325,0.2426495379215547,Down
1154.73,344946000,-0.9184489653973212,0.11013021830716198,Up
1043.84,185168000,-0.9786476868327393,0.022004698512137728,Up
1021.75,222185000,-0.44422023637935515,0.03473793835492986,Up
998.33,147775000,-0.7859396124380351,0.046053587364838215,Up
963.74,99135100,-1.0,0.017176228100309172,Up
961.24,187474000,-0.4010610079575605,0.03876487100654986,Down
973.5,199320000,-0.5261044176706842,0.025535056864212955,Down
975.92,236630000,-1.0,0.04395451579431545,Up
933.2,167308000,-0.6173184357541945,0.03941212087851594,Up
907.61,123771000,-0.31572481572482236,0.018151410413646978,Up
896.18,143665000,-0.8135911899006164,0.04138275996220755,Down
898.82,137727000,0.3279483037156692,0.04027413303259666,Down
921.98,275564000,-0.8960953011250833,0.06988171906253982,Up
864.54,200027000,-0.46000480422771994,0.04990529621904145,Up
834.28,155576000,-1.0,0.04356514788169464,Up
800.88,99629300,-0.9065040650406433,0.012420321868097231,Up
792.71,74886400,-0.4528875379939288,0.004160922738367708,Up
790.53,60524400,0.2548435171386032,0.008482825754415287,Down
790.83,78989800,-0.560784313725502,0.00974311295642979,Up
784.91,83608200,-0.9604612850082354,0.007792441203656074,Up
778.09,81580100,0.8402203856748884,0.00465342853846449,Down
781.48,75979000,-0.788053949903676,0.006653846153846078,Up
780.56,81645600,0.5047619047619221,0.013450329853327355,Down
780.09,76571000,-0.691919191919204,0.015427769985974749,Up
769.73,57313400,0.0798722044728315,0.012120038722168424,Down
774.65,53843100,0.1674641148325442,0.005407363328245147,Up
772.79,68705300,-0.286885245901635,0.006338156219965186,Up
770.81,80111900,-0.11085714285712,0.011392042495573377,Up
768.13,96426100,-0.4215436810856694,0.015427696575548558,Up
764.22,116218000,-0.5942028985507299,0.009094264023618697,Up
758.7,106363000,0.35753676470588114,0.028135869354400742,Down
773.87,60557900,-1.0,0.007399823752008756,Up
771.15,69547300,0.06049290515310379,0.017205268230003196,Down
777.94,127605000,-0.7171717171717256,0.03136468041291548,Up
756.77,80461900,-0.7545008183306061,0.01637959922257225,Up
745.69,84070800,-0.6161096829477458,0.015849948389199706,Up
735.6,68511100,0.2852233676975615,0.0039520323767876925,Down
735.81,61888600,-0.2043399638336143,0.007549694189602409,Up
732.03,52601800,0.7629255989911863,0.01078266072011306,Down
735.38,54962700,0.0858505564387948,0.016965381451362817,Down
741.65,67807600,-1.0,0.009534871157689948,Up
740.29,85919300,-0.019490254872554513,0.01791517821170534,Down
744.59,76543800,0.14928732183044935,0.017732194641764495,Down
751.35,129906000,-0.7093425605536359,0.02344383754258833,Up
739.25,60802400,-0.5593220338983016,0.015329704892924591,Up
731.03,154116000,0.30261054874800575,0.04992818002872794,Down
751.62,110608000,-0.2149532710280354,0.015655134804410546,Down
751.59,87363100,-0.8386491557223311,0.021587395876928903,Up
740.98,108579000,0.8177309361438279,0.021654494683707438,Down
744.2,141294000,-0.8227060653188203,0.054248632535118246,Up
711.62,72038500,-0.21606118546844966,0.014820272318961783,Up
705.02,62993000,-0.6105100463678561,0.009216524216524255,Up
702.03,80318100,-0.6399108138238541,0.025439591605218293,Down
705.05,64622500,0.8445121951219541,0.018304848273456582,Down
716.41,63119700,-0.02301790281327787,0.005464328139193742,Up
715.53,68807800,0.2684165961050031,0.01633833213435884,Down
723.27,132429000,0.06743002544529286,0.04429229533832036,Up
709.85,79660800,-0.40754716981132455,0.015076306020566388,Up
703.13,65047100,0.4040590405904043,0.015251709485887992,Down
711.52,59902200,-0.6272108843537414,0.020886318750799288,Up
703.42,53752300,-0.16274309109518126,0.013887309529224446,Down
703.24,99907700,-0.6546560598970576,0.031010564197817513,Up
688.7,172808000,0.6882118029877216,0.09107563817606253,Down
740.83,84865200,-1.0,0.025312641253578447,Up
729.79,130527000,-0.6206209057248602,0.050061311204266136,Up
700.97,97064400,-0.05508233957979214,0.025062620972332937,Down
701.86,100665000,0.3900226757369616,0.02470173080154594,Down
714.48,134761000,-0.6098846787479437,0.04396702835040349,Up
689.65,81145500,-0.7484076433120808,0.009127906976744312,Up
688.31,96105300,-0.9469194312796048,0.015555653853526294,Up
678.3,88877100,-0.8702947845804935,0.03352694319425871,Up
657.59,90378800,0.27425373134328024,0.01639143730886837,Up
653.76,62218200,0.5010752688172155,0.0070759023677642845,Down
657.07,54474600,0.12154696132595033,0.011009397524406207,Down
657.29,78556500,-0.9282051282051218,0.040038538080045524,Up
632.83,55951000,-0.2588235294117651,0.005389724648478951,Up
630.86,56957300,-0.42076502732242915,0.005803444011036008,Up
630.52,69381700,0.5377532228360979,0.017018475859150978,Down
637.96,65546700,0.17299578059070364,0.00741308393675421,Down
639.19,58063600,0.7111716621252993,0.005718114112991294,Down
641.63,40298100,-0.3650000000000091,0.006258997308631157,Up
638.65,39035400,0.46496815286624993,0.007355812028548729,Down
640.38,58144600,-0.5784543325527021,0.006703191472661311,Up
636.79,61620700,0.07368421052633711,0.005974560948383045,Up
636.19,92370200,0.9180633147113493,0.008379234478131298,Down
641.07,103590000,-0.914334181509755,0.038078935469284994,Up
618.99,67481100,-0.08984374999998479,0.008300638760092093,Up
616.75,39243400,0.8918918918919037,0.004183019203126818,Down
619.11,42345900,-0.41035856573704244,0.004065830822561296,Up
617.12,64071400,-0.7405582922824387,0.009941071807511987,Up
613.02,56812100,-0.31914893617016127,0.003836922624781659,Up
612.51,68077500,-0.37947494033414186,0.006866376061092624,Up
610.2,49801600,0.4396887159532723,0.004199003349399455,Down
612.13,46798300,-0.5829383886255434,0.0034535247229815105,Up
610.89,39249800,0.43981481481480444,0.007036403615929717,Down
613.98,56357000,-0.525423728813568,0.008705917072451035,Up
609.74,56122400,-1.0,0.009245195800039659,Up
605.69,55658600,0.14720812182739063,0.0032560907077452436,Up
604.73,48722600,0.8787878787878753,0.0032660332541567996,Down
606.17,49422400,0.004830917874419249,0.0068089865464951585,Down
608.04,59153800,-0.9743260590500582,0.012965829463557472,Up
600.83,33977800,0.38964577656674826,0.006088759850684296,Down
602.63,35359500,0.5354330708661308,0.004212551413029185,Down
602.84,51067000,-0.9002695417789754,0.01244548809124467,Up
596.3,67085300,0.9210526315790182,0.003817305116528216,Down
597.15,82776200,0.6705577172503305,0.012773571464073354,Down
608.31,72710900,0.5316455696203697,0.002593352482560406,Down
609.23,54796400,0.2781954887217686,0.00436158525587415,Down
609.87,48679400,-0.865116279069783,0.007092432539420655,Up
605.98,37140300,0.40823970037454993,0.004397088369948222,Down
606.97,64963400,0.8174603174603017,0.00414985590778095,Down
607.15,59464600,1.0,0.006452775184657551,Down
610.68,47877700,-0.28248587570617645,0.0058143354575916125,Up
609.24,86920600,-0.08665105386416772,0.00702279530278625,Up
608.24,72812300,-0.8557377049180181,0.005024711696869964,Up
606.72,73610800,0.5612857647474374,0.04541079849860457,Down
623.51,45016800,0.17343173431735082,0.004350408553128018,Up
622.86,64550200,0.20852359208523508,0.010489343019078869,Down
626.32,86713000,-0.6718017414601554,0.0242910368839789,Up
614.54,75032400,-1.0,0.009876017491851831,Up
610.44,78529100,-0.8641114982578447,0.009463982457008144,Up
606.59,82446800,-0.277533039647594,0.011182449629714684,Down
608.63,97942900,-0.5717144763175404,0.02504218246211933,Up
598.21,159014000,-0.8985849056603804,0.04420119885327088,Up
575.54,79910800,-0.958592132505167,0.008438007721737988,Up
572.3,76923400,0.7822222222222182,0.007818608287724786,Down
575.47,75840900,0.13270142180093414,0.007306220675565759,Down
577.5,70342400,-0.5952941176470524,0.007402762536796084,Up
574.11,110398000,0.5444839857651254,0.004894873447488886,Up
573.91,86301600,-0.9395348837209317,0.0075461102434058475,Up
569.95,59698300,0.7647058823529329,0.019363189231167532,Down
579.65,48856800,-0.4840425531914736,0.006508005192557319,Up
577.76,136130000,0.01893939393939803,0.0091006239442933,Down
580.18,56328200,0.8284182305630376,0.0063934454328859955,Down
583.41,85349200,0.5459183673469477,0.01336128295584306,Down
586.75,72844000,-0.5674300254452818,0.013521184909944804,Up
581.31,38299400,0.4467005076142465,0.0067704574354743455,Down
581.7,45301400,-0.6956521739130428,0.012776003332870458,Up
575.63,50631600,0.2857142857142738,0.007068983528920254,Up
574.32,59896600,0.5917431192660105,0.007599658363981826,Up
573.22,54443000,0.6215644820295834,0.01637358072556085,Down
577.44,58405200,-0.42743009320906,0.026479091742472288,Up
567.24,57262300,0.22630560928433496,0.018124769934617663,Down
570.47,60851100,0.45524174246050175,0.03567342338496215,Down
585.59,43563000,0.7453027139874662,0.008155134840642814,Down
587.56,69218000,-0.22950819672130685,0.010360054347826126,Down
589.12,74514400,1.0,0.014220090522191378,Down
592.1,102905000,0.15797207935341473,0.023160044244022827,Up
587.8,92228100,0.04444444444445761,0.010659177043855016,Down
591.05,61194100,-0.2145748987854117,0.008334176873502809,Down
592.69,82398400,-0.09822263797942699,0.0181873862225019,Up
587.78,80797300,-0.9344955097728467,0.032920021564092225,Up
575.04,66127900,-0.2192771084337285,0.014352908625579227,Down
578.29,125292000,-0.8236151603498493,0.024226157893807544,Up
566.36,207982000,-0.5598868280414973,0.05797761819706204,Up
547.47,330933000,0.6040235525024535,0.13443271767810025,Down
606.27,121887000,0.9614624505928868,0.03240473903298112,Down
624.68,110818000,0.9799417664186383,0.047183636086093675,Down
655.05,38456100,0.5810473815461745,0.006103407862894006,Down
656.99,60703500,-0.4617940199335895,0.004594648227015296,Up
655.03,86428400,0.6527331189710861,0.004751791471221888,Up
654.35,147461000,-0.3096559378468331,0.01382686493869219,Up
651.78,225135000,-0.140096618357481,0.01582012442107519,Down
654.1,78176500,0.8317535545023622,0.012763512082993157,Down
661.28,118184000,-0.6453488372092961,0.015745868998031844,Up
655.56,69532200,-0.7936305732483931,0.012063374978869919,Up
650.62,134169000,0.6072507552870117,0.02986825482764846,Down
665.01,60491800,-0.5834767641996474,0.008733821385084946,Down
665.68,94636400,0.5151515151515251,0.01422392651714442,Down
672.86,61203300,-0.8513274336283325,0.008398489758301837,Up
673.11,69465000,0.306501547987611,0.019005310307291686,Down
679.46,74407900,-0.7144259077527018,0.030785963534192353,Up
660.77,50330200,0.5960729312763136,0.010741510741510736,Down
663.25,81673100,-0.04726368159203875,0.012197157030811593,Up
658.08,98511400,-0.03406813627255956,0.015285180420265911,Up
654.47,131449000,1.0,0.021404933814681136,Down
664.55,138173000,-0.2478932584269642,0.04393163447892889,Up
647.66,107910000,0.6341296928327709,0.022591290402171196,Down
649.36,102532000,-0.468721668177705,0.016953581309560362,Down
650.96,180536000,-0.06488781079442385,0.04949128125093793,Down
666.52,141970000,-0.9874338624338588,0.04719911345580547,Up
640.56,258091000,0.1861189801699734,0.10411597280596957,Down
677.33,134961000,-0.20383275261325273,0.017123594164851912,Up
670.63,130476000,0.3963083604777462,0.026960963686128655,Down
683.66,92008400,-1.0,0.05031876138433512,Up
658.66,129512000,0.6551107934238751,0.07937926436585958,Down
703.7,112354000,-1.0,0.0403410518227359,Up
676.3,134431000,0.18961352657005492,0.024624169157335868,Up
673.34,138980000,-0.8937870585202399,0.060553552194071034,Up
639.89,142456000,-0.41585365853658895,0.025461094206048526,Down
647.0,138385000,0.14059590316573467,0.032639416502051384,Down
655.27,122134000,-1.0,0.05521569873679193,Up
629.37,109225000,0.4927624872578986,0.07365639031129409,Down
665.12,126656000,0.1782156298428148,0.06789622414622426,Down
665.3,224317000,-0.41799504073680294,0.0902522459157902,Up
623.98,253462000,-0.8496979912909111,0.11915840921264068,Up
596.12,266393000,0.8105055378879265,0.136940427385082,Down
666.65,309944000,0.43022415039768735,0.13155677556123274,Down
737.23,174511000,0.7129186602870816,0.04103779142067994,Down
763.78,136185000,-0.7293949499761763,0.02773923271088558,Up
756.23,252718000,-0.012256014525648617,0.05884395533949471,Up
748.91,363321000,-0.10034013605442127,0.07651368267641748,Down
766.31,271634000,-0.8080310880828996,0.1108367311778557,Up
694.47,99223800,-0.8458298230834097,0.034622564461556427,Up
685.56,186694000,-0.09160671462829573,0.059190915542938316,Down
704.38,243295000,-0.5488254707823721,0.07669172932330826,Up
672.78,277085000,-0.6899742930591247,0.12760792546909866,Up
606.73,82357000,-0.9725834797891046,0.049164463338344906,Up
577.47,66991900,-0.42758620689655824,0.010072242289524788,Up
574.63,71301000,0.3457777777777866,0.019323256612847818,Down
581.64,80265800,-0.7528321318228546,0.016823466223123234,Up
576.6,107770000,0.20087912087911808,0.03885899735246391,Down
585.54,72138900,-0.8433024431339404,0.020657848938391933,Up
574.98,68874100,0.14893617021275563,0.02377422336955573,Up
572.73,94925300,0.34414831981459915,0.04544417335135417,Up
569.19,122020000,-0.7110286320254545,0.0701532510043149,Up
537.97,60378200,-0.34525447042640955,0.013550539598516303,Up
536.92,86061800,-0.29357798165136895,0.03283688878010215,Up
531.39,138450000,0.17334360554699524,0.04859694116325658,Down
533.86,87958700,-0.01916783543711864,0.04047533445607127,Up
526.23,148737000,0.3274293920536122,0.07920679457041041,Down
530.04,181199000,-0.8871153529702136,0.1284696530875421,Up
473.46,164781000,-0.6191636215996753,0.05430852002116775,Up
453.38,65203800,-0.9094076655052298,0.012764916494318075,Up
449.6,65231000,-0.669811320754723,0.009505447697619174,Up
445.98,65783100,-0.2933753943217673,0.007134979405343392,Up
444.15,50582500,-0.9276672694394053,0.012586775918971274,Up
439.32,39657600,0.8724373576309916,0.009904787690086157,Down
443.19,42762300,-0.4299516908212784,0.004673002686412157,Up
442.68,81987900,-0.5885885885885888,0.015212773247447462,Up
438.71,96027400,1.0,0.03502596145384145,Down
454.62,86850100,0.022222222222223253,0.005951200158698646,Up
453.78,64100300,0.7671232876712857,0.0032157881984977853,Down
454.16,59171500,0.5361216730037912,0.011495006446819186,Down
457.57,28514000,-0.3065015479876172,0.0070870633666842596,Up
455.67,37209000,0.1414634146341318,0.004497389320345651,Down
455.67,60845000,-0.22991689750693567,0.007936682422776769,Up
454.77,59849300,-0.9368421052631554,0.012598077135595069,Up
452.73,50605200,-0.005376344086031937,0.008250898283280775,Up
450.89,58956100,0.7010785824345154,0.02818552940154612,Down
460.48,55493100,-0.32773109243697995,0.012985312411339878,Up
458.55,40315000,-0.4941860465116249,0.007503871910651567,Up
458.54,38364500,0.2738095238095106,0.007310068749456126,Down
459.6,72796800,-0.7512229210342456,0.03194624280037506,Up
447.98,50440800,-0.5969581749049631,0.005887488527232422,Up
446.72,50407300,0.5410526315789339,0.010551335021546936,Down
450.3,59366400,-0.8113207547169788,0.019067748971285988,Up
444.67,92127000,0.45778611632269484,0.023587723762529652,Down
451.88,40660100,-0.736263736263727,0.010145379950053539,Up
448.32,69322600,0.8428390367553851,0.01733380201239067,Down
455.1,49258500,-0.940170940170946,0.020827306913508852,Up
449.01,74064700,-0.9162790697674389,0.028986158547546364,Up
444.69,93564900,0.9511982570806099,0.04922146441899367,Down
466.09,78971900,-0.410094637223971,0.013733347774287826,Up
461.43,87091800,-0.20337682271680957,0.02838037985711803,Up
458.56,68198400,-0.7165775401069556,0.024902343749999934,Up
450.28,50485400,-1.0,0.013344996187143921,Up
445.74,58804400,0.43816254416960265,0.012586448442260279,Down
449.43,68204700,-0.7666666666666663,0.02174799510670115,Up
441.39,72890100,-0.6157407407407344,0.01984746852889825,Up
435.51,52810500,-0.8712121212121229,0.018474457662701095,Up
428.59,55670900,-0.37614678899082143,0.005098103411987575,Up
427.4,52125900,0.5009451795841255,0.01228404235556386,Down
430.57,39392800,0.12876712328767947,0.008496868961985189,Up
429.71,54801500,-0.91999999999999,0.012958556181231299,Up
424.28,45281000,-0.07627118644065634,0.005566825494173736,Up
423.73,69060400,0.5668449197860961,0.008786974602354178,Down
425.19,70728800,-0.058558558558569396,0.010500425692933493,Up
422.48,50747500,-0.7647058823529533,0.005238580605399854,Up
421.56,73478600,-0.44654088050314866,0.007578826950117989,Up
419.41,49792700,-0.32420091324202605,0.010408497896913085,Down
420.35,63454700,0.7486910994764311,0.013548982052919102,Down
422.75,57858600,-0.42038216560508757,0.007412303479533646,Down
423.41,59091000,0.24444444444441782,0.004242481380220502,Down
424.03,60718000,-0.8739726027397152,0.008669421880195661,Up
421.44,50634300,-0.34306569343066207,0.006503679088535372,Up
420.9,38053700,-0.276595744680842,0.004463755728090784,Down
420.87,45681200,-0.33879781420765576,0.008747191816834683,Up
417.96,51235700,-0.8205128205127918,0.005614742297725386,Up
416.73,60215200,0.05466237942120844,0.007489283822183725,Up
414.82,66034100,-0.07159353348729869,0.01038792793225052,Down
416.52,75411500,0.43195266272189636,0.03186424699505063,Down
424.23,68522800,0.47338935574229724,0.008369476028601554,Down
426.76,71229400,-0.6321009918845781,0.026522217439135295,Up
417.94,44650400,-0.23076923076922762,0.0065409588614419294,Up
417.18,52560000,-0.2857142857142986,0.006050274903363621,Up
416.39,68346700,0.4357366771160014,0.007623918550738486,Down
418.04,61444200,0.2879581151832271,0.004567629615458121,Down
418.09,66813300,-0.9008547008546942,0.01416019170721086,Up
413.31,61655400,-0.9276315789473599,0.007353296889361957,Down
413.75,45947900,-0.5839243498818006,0.010307017543859693,Up
410.44,58423000,-0.7119999999999891,0.009162879343204809,Up
409.55,104940000,0.5267175572519058,0.03426465343003216,Down
420.62,83528600,-0.7556270096463062,0.007442149848046169,Up
417.01,65185800,-0.23595505617975587,0.004269711434670951,Up
416.83,66781700,-0.17197452229298282,0.00754100722879989,Up
416.44,95259400,-0.8064516129032199,0.005987445678416268,Up
414.06,74322800,0.02419354838709742,0.012049070812583594,Up
411.62,92712900,0.7386848847139156,0.02777448352743065,Down
421.69,73969700,-0.35260115606936304,0.016585178793979524,Up
417.13,81022900,-0.8215962441314572,0.010271495394705094,Up
414.86,70012300,-0.4705882352941313,0.010679165961970473,Up
413.97,70311700,-0.11844660194176049,0.012425807074265391,Down
414.32,85762400,-0.667013527575438,0.023567784971551927,Up
407.71,91212500,-0.4792312461252285,0.04027264556077113,Up
400.57,135385000,0.24157955865273117,0.041920249281853963,Down
410.94,90856100,1.0,0.033756874644414965,Down
421.65,100484000,0.24832214765102023,0.014059588120119787,Down
423.99,74955300,1.0,0.02741709374210008,Down
435.12,74895800,0.23601637107775786,0.016738217025940774,Down
437.7,60694700,-0.2240325865580438,0.022655961609449965,Up
433.5,53033400,-0.6323777403035407,0.027417527798968985,Up
432.52,41893600,-0.4420880913539844,0.014162277053876711,Down
432.15,61486000,-1.0,0.02479805948708281,Up
424.54,70798000,-0.1287671232876707,0.017174854131375896,Down
424.95,67743700,-0.8969072164948413,0.027651083238312398,Up
420.74,85244900,0.7350272232304889,0.050290929834569356,Down
437.75,85385200,-0.5758564437194087,0.013963871614387561,Down
438.8,89820700,-0.024775962045336164,0.043333257189848616,Up
437.16,93992100,-0.526987242394505,0.04833965844402276,Up
420.79,55711300,-0.15999999999999914,0.013010668748373666,Down
422.37,76752600,-0.2992277992278011,0.024869769786590522,Up
416.32,83193600,-0.3259207783182755,0.03529902369621754,Up
407.49,73093100,-0.6138482023968068,0.01870811847644668,Up
400.19,74070500,0.6136183689627872,0.03098854184557253,Down
407.23,74469800,-1.0,0.03639325070623269,Up
391.86,61911700,-1.0,0.01877079866888526,Up
384.26,67042800,-0.7420560747663543,0.014090442202849603,Up
379.65,74375600,0.03417533432392528,0.017612729318782598,Down
381.65,85130900,-0.21030927835051072,0.02578758474013039,Up
376.03,55318500,-0.43908045977010535,0.011649081463231811,Up
373.45,47671100,0.963358778625953,0.017385072725342423,Down
376.62,37076300,0.42378559463985943,0.01585615255902905,Up
376.52,49249300,0.4199438202247201,0.03683488967640138,Down
386.55,43825000,0.6449275362318763,0.0141938801748521,Down
389.59,69285500,-0.8131359851988864,0.05840559742820867,Up
369.95,45933400,0.44927536231884546,0.018417189376751575,Down
374.45,40378700,-0.03378378378377245,0.007937359219135416,Up
373.06,51656700,-0.008902077151338395,0.027372410992283776,Up
368.77,37894300,0.8498402555910551,0.03309630177905849,Down
378.25,30284400,0.20541760722348168,0.011692665030221466,Down
379.47,86125300,-0.4812466983623913,0.04980137328668019,Down
380.29,59247900,0.9302030456852777,0.03988358851069212,Down
394.97,47424400,-0.26086956521741234,0.012893690755274698,Up
392.15,58147000,0.5611111111111149,0.01836734693877548,Up
391.73,59062400,0.5381263616557719,0.03422648637900175,Down
402.97,54824800,-0.7196885428253639,0.046328265910847766,Up
387.49,56247400,0.12261146496815445,0.032842611719791866,Up
382.49,91546600,0.589524622829489,0.08573520439292265,Down
410.26,68338000,0.5223160434258163,0.039510997783761846,Down
420.23,121720000,-0.7928908978837079,0.1281666403328592,Up
380.15,46819800,0.7305936073059471,0.022633904348500093,Down
387.17,54403900,-0.837270341207348,0.029942629607314086,Up
382.3,45319600,0.5933762649493954,0.02807697274958028,Down
387.54,120352000,-0.8305750350631145,0.09765250499904123,Up
364.33,153351000,1.0,0.1532132481115631,Down
430.31,43945500,0.10054844606947255,0.01265354276064672,Down
432.37,173888000,-0.47534883720930354,0.024731405434007408,Down
435.69,115607000,1.0,0.0278682672140658,Down
448.43,40450000,-0.3441176470588193,0.015154891909962139,Down
447.99,35995900,-0.9195979899497503,0.017758343744422585,Down
447.61,32278000,0.8141935483870897,0.017093828576470068,Down
453.23,56993000,0.29419613075383366,0.032762162871005834,Down
458.05,87562200,-0.951498821151905,0.06904490593242017,Up
429.11,34042500,-0.003623188405804112,0.012781920066688367,Down
431.96,34522600,-0.013333333333321207,0.010390929872768837,Down
433.09,38477500,-0.47426470588235026,0.012649397758452304,Up
430.01,39633800,-0.173864894795126,0.020826606393283893,Down
433.44,30096600,0.25059665871122005,0.009640605586489341,Down
434.33,36278900,-0.560640732265443,0.02029160475482914,Up
