Date,Close,Volume,Close Off High,Day Diff,Volatility,Movement
2017-01-01 00:00:00,998.33,147775000,-7859.3961243803515,-359.77419421787846,0.046053587364838215,Up
2017-01-02 00:00:00,1021.75,222185000,-4442.202363793552,-231.61963509643303,0.03473793835492986,Up
2017-01-03 00:00:00,1043.84,185168000,-9786.476868327392,-217.6977290524657,0.022004698512137728,Up
2017-01-04 00:00:00,1154.73,344946000,-9184.489653973213,-1056.3960168517801,0.11013021830716198,Down
2017-01-05 00:00:00,1013.38,510199000,2663.5314236853324,1239.2693195473448,0.2426495379215547,Down
2017-01-06 00:00:00,902.2,351876000,7757.72088168478,1104.6695062312665,0.160583293894936,Up
2017-01-07 00:00:00,908.59,279550000,-10000.0,-56.44777474017446,0.09411282914033368,Up
2017-01-08 00:00:00,911.2,158715000,1364.7016405263978,-33.363797526895695,0.061078872898245956,Down
2017-01-09 00:00:00,902.83,141877000,-3589.138134592693,113.98975077745135,0.03709868161709968,Up
2017-01-10 00:00:00,907.68,115808000,412.7443881245818,-58.064802092104685,0.015302956429236358,Down
2017-01-11 00:00:00,777.76,310929000,8085.391537430595,1435.4931066378895,0.17254327621900195,Up
2017-01-12 00:00:00,804.83,222326000,-3922.5422045680357,-382.4918083541899,0.09093371862019145,Up
2017-01-13 00:00:00,823.98,168968000,-7951.020408163273,-251.822728743126,0.060964988677930675,Down
2017-01-14 00:00:00,818.41,93063300,4741.493592576285,81.56191676563999,0.027425648980779014,Up
2017-01-15 00:00:00,821.8,71013600,-7107.279693486591,-44.735619820568225,0.01276065221111294,Up
2017-01-16 00:00:00,831.53,82755200,-5792.426367461428,-118.64489279369174,0.017352576115261982,Up
2017-01-17 00:00:00,907.94,155095000,-9343.029087261813,-926.5298754437692,0.09598652145135085,Down
2017-01-18 00:00:00,886.62,225677000,432.4324324324236,250.17319682857365,0.0651000142956113,Up
2017-01-19 00:00:00,899.07,105625000,-4533.793783917149,-120.78708602562101,0.022817840016209987,Down
2017-01-20 00:00:00,895.03,86728400,-2945.9241323647957,34.959974169700466,0.013794715922375482,Up
2017-01-21 00:00:00,921.79,111158000,-6494.974874371837,-293.0042990341132,0.0355535704315784,Up
2017-01-22 00:00:00,924.67,116573000,-3568.568568568563,-26.675052319969666,0.04333069474414725,Down
2017-01-23 00:00:00,921.01,73588600,2593.235039028634,48.51431658562949,0.012458130740140435,Down
2017-01-24 00:00:00,892.69,111349000,9748.822605965406,197.54469187859505,0.034973865682786515,Up
2017-01-25 00:00:00,901.54,120831000,-7041.522491349403,-107.8572069243879,0.012960803659520972,Up
2017-01-26 00:00:00,917.59,131958000,-7966.101694915245,-168.44158290761249,0.018960759760192392,Up
2017-01-27 00:00:00,919.75,125594000,-583.4464043418586,-15.135676640968533,0.008025175312513616,Up
2017-01-28 00:00:00,921.59,68979600,1317.0731707313332,-19.351822659028347,0.004457442297865889,Down
2017-01-29 00:00:00,919.5,60851700,8360.655737704805,27.872070450183283,0.0046308848568980465,Up
2017-01-30 00:00:00,920.38,78227300,4916.20111731851,-2.4995924577516515,0.0038906699994565312,Up
2017-01-31 00:00:00,970.4,164582000,-9365.452408930669,-536.8311327310626,0.055442147324530865,Up
2017-02-01 00:00:00,989.02,150110000,-9902.014153511125,-186.21130038931267,0.01891980966898058,Up
2017-02-02 00:00:00,1011.8,145821000,-8864.686468646845,-220.20202020201975,0.03060606060606056,Up
2017-02-03 00:00:00,1029.91,201278000,-6842.105263158038,-182.40958614280393,0.02479583967729809,Up
2017-02-04 00:00:00,1042.9,155064000,-8048.145738451536,-112.18523653922765,0.029806172612064155,Down
2017-02-05 00:00:00,1027.34,114208000,5324.553151458243,155.052131248084,0.020373351732597463,Up
2017-02-06 00:00:00,1038.15,111762000,-2123.786407766988,-94.80746791131854,0.016024893037728527,Up
2017-02-07 00:00:00,1061.35,146007000,-9467.645709040702,-203.91485761531914,0.020949103005364626,Up
2017-02-08 00:00:00,1063.07,201855000,-2333.6547733847233,-7.060019579787635,0.0390466149559455,Down
2017-02-09 00:00:00,994.38,407220000,3949.1338002211605,660.4677373908148,0.12740678125293506,Down
2017-02-10 00:00:00,988.67,190452000,-6081.210496073537,69.90548697809464,0.052439159125377825,Up
2017-02-11 00:00:00,1004.45,102261000,-6341.64777021925,-157.24542420871745,0.026757002730306324,Down
2017-02-12 00:00:00,999.18,67530000,4234.693877551068,43.247767857143174,0.007812500000000031,Down
2017-02-13 00:00:00,990.64,100607000,-1218.390804597681,82.49239147845596,0.026129264776549758,Up
2017-02-14 00:00:00,1004.55,137946000,-4440.894568690059,-129.16691874886507,0.025248553048177913,Up
2017-02-15 00:00:00,1007.48,89759400,-6253.443526170757,-12.62161974140569,0.00721519364744933,Up
2017-02-16 00:00:00,1027.44,122277000,-5388.802488336038,-196.3975586761284,0.025524735771349092,Up
2017-02-17 00:00:00,1046.21,136474000,-4943.697784235348,-195.78606790628922,0.026829220753907902,Up
2017-02-18 00:00:00,1054.42,99073500,-551.6265912306983,-49.656408154707215,0.013476806359070035,Down
2017-02-19 00:00:00,1047.87,77423300,3393.258426966466,65.32291706170219,0.012656907732564667,Up
2017-02-20 00:00:00,1079.98,109478000,-9737.11340206186,-298.37225490850454,0.03699854103691268,Up
2017-02-21 00:00:00,1115.3,186869000,-9032.738095238072,-333.74101252686955,0.03735823882588386,Up
2017-02-22 00:00:00,1117.44,136100000,-3599.033816425121,-23.68137782561984,0.022282023681377956,Up
2017-02-23 00:00:00,1166.72,189454000,-6681.193429433494,-442.5966865663631,0.05339801480394162,Up
2017-02-24 00:00:00,1173.68,330759000,-2193.482390764281,-8.271439656863395,0.058352022239087295,Down
2017-02-25 00:00:00,1143.84,139961000,2339.832869080778,227.01446501653407,0.042942216829999734,Up
2017-02-26 00:00:00,1165.2,116486000,-8781.862087469824,-182.91137581165341,0.032570984120880546,Up
2017-02-27 00:00:00,1179.97,131570000,-7838.709677419354,-139.11564041313696,0.015982402172231788,0.0
2017-02-28 00:00:00,1179.97,184956000,2393.8404106392277,6.352056372382952,0.018149942408022278,Up
2017-03-01 00:00:00,1222.5,229057000,-10000.0,-359.81831124368694,0.03627843123961895,Up
2017-03-02 00:00:00,1251.01,368275000,-5218.232638142306,-214.99493745304838,0.037977267531110345,Up
2017-03-03 00:00:00,1274.99,315739000,-6405.405405405438,-194.12973431091118,0.02366655739539934,Down
2017-03-04 00:00:00,1255.15,183270000,-79.77091429742234,174.41268797507473,0.03827215581284305,Up
2017-03-05 00:00:00,1267.12,134127000,-9883.681149503884,-102.2889443430142,0.023304020601296365,Up
2017-03-06 00:00:00,1272.83,153657000,-4438.596491227988,-42.28896936416562,0.008994295722975764,Down
2017-03-07 00:00:00,1223.54,291256000,4702.473498233213,390.1163201671372,0.05556820948625914,Down
2017-03-08 00:00:00,1150.0,332603000,9543.29210275926,598.660922312239,0.06873605127408594,Up
2017-03-09 00:00:00,1188.49,212283000,-6809.532278143331,-331.55126700569485,0.048880775416177705,Down
2017-03-10 00:00:00,1116.72,563796000,5914.501604388778,610.7486379229155,0.16245711979552033,Up
2017-03-11 00:00:00,1175.83,283320000,-5355.438007998967,-533.0908700014332,0.0694334957718217,Up
2017-03-12 00:00:00,1221.38,227176000,-7830.298333979118,-380.411687715662,0.04387142832860237,Up
2017-03-13 00:00:00,1231.92,380277000,-4641.101278269577,-82.9936649806029,0.016647841673623664,Up
2017-03-14 00:00:00,1240.0,245306000,-6006.641760066449,-63.628100246720535,0.019551032333463118,Up
2017-03-15 00:00:00,1249.61,297805000,-6627.318718381084,-76.19984518126546,0.009563282157140933,Down
2017-03-16 00:00:00,1187.81,638568000,3297.328027288251,507.61989243444964,0.08434225983553496,Down
2017-03-17 00:00:00,1100.23,706599000,9836.207966248894,677.2810466377445,0.06828735086767908,Down
2017-03-18 00:00:00,973.82,621302000,7932.489451476783,1144.5952950376925,0.14224008584237371,Up
2017-03-19 00:00:00,1036.74,406648000,-2880.446447735555,-614.3970186233656,0.09539995699937553,Up
2017-03-20 00:00:00,1054.23,286530000,-3320.683111954471,-163.80008484053843,0.02540395665419759,Up
2017-03-21 00:00:00,1120.54,337391000,-9436.409721186792,-617.6091570648884,0.06355177380230459,Down
2017-03-22 00:00:00,1049.14,380841000,3436.677940623818,638.1118101102037,0.09498059162093432,Down
2017-03-23 00:00:00,1038.59,248540000,3356.258596973949,109.13766011142361,0.027693919337174352,Down
2017-03-24 00:00:00,937.52,491038000,9404.391669022718,971.9293177331606,0.10218113534594829,Up
2017-03-25 00:00:00,972.78,435803000,-9172.79666897987,-386.95624319302976,0.0769321118158327,Down
2017-03-26 00:00:00,966.73,303668000,5335.689045936407,74.74255911130247,0.05520477202492786,Up
2017-03-27 00:00:00,1045.77,372535000,-9830.690674549824,-758.3972017900318,0.07655984774445766,Up
2017-03-28 00:00:00,1047.15,326332000,-520.0433369447643,-24.603189798772366,0.035344348924926834,Down
2017-03-29 00:00:00,1039.97,298458000,-2275.15923566877,58.40853472009694,0.03752103089629867,Down
2017-03-30 00:00:00,1026.43,352969000,5630.769230769161,151.40902505253231,0.02806536110764625,Up
2017-03-31 00:00:00,1071.79,447287000,-8703.396851698379,-439.7841502376671,0.047027195511571696,Up
2017-04-01 00:00:00,1080.5,289634000,-2673.849167482868,-82.01845648542948,0.028580492857209608,Up
2017-04-02 00:00:00,1102.17,514187000,-6627.255756067289,-199.51693950639154,0.029742460277065615,Up
2017-04-03 00:00:00,1143.81,580444000,-6749.333879893392,-370.46103631170854,0.044235912779364395,Down
2017-04-04 00:00:00,1133.25,436310000,2912.0267260579103,107.11292688036859,0.03135693833368258,Down
2017-04-05 00:00:00,1124.78,414784000,-391.42590866725334,82.52949371329929,0.018921826229565845,Up
2017-04-06 00:00:00,1182.68,511222000,-8180.946291560156,-505.147404979527,0.05556887929579587,Down
2017-04-07 00:00:00,1176.9,317022000,-1651.5739542907215,17.303679576568474,0.019670212224540542,Down
2017-04-08 00:00:00,1175.95,209312000,-1937.5000000000575,-28.141389161300935,0.019102033854944005,Up
2017-04-09 00:00:00,1187.87,242343000,-2631.16370808671,-96.04188446076269,0.021545679390091655,Down
2017-04-10 00:00:00,1187.13,215883000,-4318.5840707967745,1.431820096014869,0.009517392402930982,Up
2017-04-11 00:00:00,1205.01,216182000,-7030.567685589558,-147.79445202364673,0.0173563741094436,Down
2017-04-12 00:00:00,1200.37,288702000,3044.3159922931363,36.85228376258542,0.008615466339090902,Down
2017-04-13 00:00:00,1169.28,351969000,4806.875631951504,264.275365938952,0.041173335997735296,Down
2017-04-14 00:00:00,1167.54,254827000,5001.612383102223,23.839429904385632,0.026496800047849746,Up
2017-04-15 00:00:00,1172.52,203559000,3437.5000000000377,-44.71858134155767,0.01973785659213567,Up
2017-04-16 00:00:00,1182.94,183231000,-4140.999315537391,-88.09408072590338,0.012459385473431174,Up
2017-04-17 00:00:00,1193.91,253206000,-9110.112359550554,-90.09085146841397,0.018804141136699766,Up
2017-04-18 00:00:00,1211.67,270524000,-5042.016806722794,-149.94513180931077,0.019936838754533916,Down
2017-04-19 00:00:00,1210.29,288061000,9.58772770852434,15.179889945799092,0.008604687616014836,Up
2017-04-20 00:00:00,1229.08,315108000,-2767.140210006128,-148.62767116953464,0.026736466624830632,Down
2017-04-21 00:00:00,1222.05,272167000,3631.0107948969826,59.94696686242389,0.016576922451237257,Up
2017-04-22 00:00:00,1231.71,249320000,-7157.622739018146,-73.60698775670437,0.022155703314767947,Down
2017-04-23 00:00:00,1207.21,258951000,7685.774946921455,200.58120657185557,0.02293980128579777,Up
2017-04-24 00:00:00,1250.15,235806000,-9617.526022754797,-334.9784644891411,0.03415093871679765,Up
2017-04-25 00:00:00,1265.49,242556000,-7626.348665531027,-120.27670038786007,0.014082930145147667,Up
2017-04-26 00:00:00,1281.08,329631000,-484.42906574389986,-119.19525430690541,0.02282798442325758,Up
2017-04-27 00:00:00,1317.73,449197000,-8973.958333333321,-279.6673635597708,0.02995600212188355,Down
2017-04-28 00:00:00,1316.48,527489000,-2392.7011051144054,9.561825549804901,0.02952782794785017,Up
2017-04-29 00:00:00,1321.79,422706000,-975.8131776479106,-29.973289625448047,0.009098221331876412,Up
2017-04-30 00:00:00,1347.89,413115000,-9987.87511367082,-196.84235212237368,0.024957068395530583,Up
2017-05-01 00:00:00,1421.6,713624000,-7042.5482445942735,-543.6475561818582,0.06379885782095972,Up
2017-05-02 00:00:00,1452.82,477338000,-2757.258203057845,-223.71097021174756,0.0409632449701977,Up
2017-05-03 00:00:00,1490.09,583796000,-8816.254416961103,-249.76268761435668,0.031146390788152248,Up
2017-05-04 00:00:00,1537.67,933549000,2055.1654116253458,-314.9484812707956,0.07928383599871207,Up
2017-05-05 00:00:00,1555.45,946036000,4268.125854993139,-94.62186946335613,0.05692887784173878,Up
2017-05-06 00:00:00,1578.8,582530000,-10000.0,-141.2503773742461,0.023316910862597205,Up
2017-05-07 00:00:00,1596.71,1080030000,-9994.58874458875,-109.15053783864212,0.02340025451575531,Up
2017-05-08 00:00:00,1723.35,1340320000,-10000.0,-791.7115447235918,0.07917115447235919,Up
2017-05-09 00:00:00,1755.36,1167920000,3333.902210086197,-182.55225101369462,0.06797997552047988,Up
2017-05-10 00:00:00,1787.13,915723000,-9622.151716181153,-174.265024024777,0.03947578165918984,Up
2017-05-11 00:00:00,1848.57,799490000,-5722.718839601941,-383.0664412453594,0.06660413284878995,Down
2017-05-12 00:00:00,1724.24,740984000,6271.123720241767,658.3737864077668,0.08784457350901531,Up
2017-05-13 00:00:00,1804.91,579635000,-9001.914643938,-474.66224058684367,0.09396327591810211,Up
2017-05-14 00:00:00,1808.91,437196000,-1784.6715328467455,-44.70086514221085,0.030429905711715617,Down
2017-05-15 00:00:00,1738.43,731529000,4266.257433339709,387.1292384596668,0.05765189887416779,Down
2017-05-16 00:00:00,1734.45,959045000,360.1609657947602,41.625997588562896,0.057070678073146974,Up
2017-05-17 00:00:00,1839.09,1064730000,-7530.424458296226,-650.7097230024375,0.11706520417204767,Up
2017-05-18 00:00:00,1888.65,894321000,-6748.151191454414,-384.61538461538487,0.05353274316819713,Up
2017-05-19 00:00:00,1987.71,1157290000,-7057.8454537499,-476.13275217801566,0.060225469992674065,Up
2017-05-20 00:00:00,2084.73,961336000,-10000.0,-506.4407531347015,0.0553410877716405,Down
2017-05-21 00:00:00,2041.2,1147860000,9092.914930129922,124.96190185919002,0.039467254950339335,Up
2017-05-22 00:00:00,2173.4,1942220000,-875.0830332482673,-637.2877705940222,0.1399918754496646,Up
2017-05-23 00:00:00,2320.42,1378750000,-9943.78864530634,-587.9829892861712,0.06494004270930304,Up
2017-05-24 00:00:00,2443.64,1725380000,-2085.001235483077,-526.7148278818111,0.08716835317075688,Down
2017-05-25 00:00:00,2304.98,2406700000,9177.274722518348,577.4576492903385,0.1955695271109948,Down
2017-05-26 00:00:00,2202.42,1763480000,4801.514547628527,510.4507322621917,0.2162101607572958,Down
2017-05-27 00:00:00,2038.87,1700480000,946.9050621955133,716.6696262299266,0.18411670696225868,Up
2017-05-28 00:00:00,2155.8,1147140000,460.47078683296047,-495.2095341953588,0.10382263592459896,Up
2017-05-29 00:00:00,2255.61,994625000,-4852.911747048226,-445.39531265195126,0.09256146297865646,Down
2017-05-30 00:00:00,2175.47,1443970000,4261.23231298273,354.2228291713976,0.07865263195232684,Up
2017-05-31 00:00:00,2286.41,1544830000,-7018.91124403358,-453.64143032841133,0.07567243815123503,Up
2017-06-01 00:00:00,2407.88,1653180000,-4938.148194427118,-522.4333902889888,0.06994620531129686,Up
2017-06-02 00:00:00,2488.55,1317030000,-10000.0,-351.57631144370066,0.04793201415955708,Up
2017-06-03 00:00:00,2515.35,1514950000,-1592.7750410508934,-86.73788556854865,0.06349550069775263,Down
2017-06-04 00:00:00,2511.81,1355120000,1110.6111736032954,141.2204302552409,0.05233947852845011,Up
2017-06-05 00:00:00,2686.81,1369310000,-10000.0,-694.1967839515994,0.07028737462187555,Up
2017-06-06 00:00:00,2863.2,2089610000,-1153.4603811434197,-640.5434734135052,0.11486004370382472,Down
2017-06-07 00:00:00,2732.16,1517710000,6256.367728942083,478.22177613282395,0.05883500965365346,Up
2017-06-08 00:00:00,2805.62,1281170000,-8658.81537928642,-312.9215692761235,0.05306029428522081,Up
2017-06-09 00:00:00,2823.81,1348950000,4685.64426430389,-58.309349442908456,0.03778887527427127,Up
2017-06-10 00:00:00,2947.71,2018890000,-9679.123459205659,-422.7867078716053,0.07228779339070895,Up
2017-06-11 00:00:00,2958.11,1752400000,-5067.597872749426,-53.357621813412386,0.05304155437209625,Down
2017-06-12 00:00:00,2659.63,2569530000,4106.120743680799,994.1352151211211,0.16209425643873476,Up
2017-06-13 00:00:00,2717.02,1781200000,387.99942304919233,-134.69307063646346,0.0517212439059871,Down
2017-06-14 00:00:00,2506.37,1696560000,5002.2733959185925,774.8225906186516,0.13761741409263561,Down
2017-06-15 00:00:00,2464.58,2026260000,-5640.714840714833,140.02352395202394,0.12872162523303915,Up
2017-06-16 00:00:00,2518.56,1195190000,-7239.775150222895,-198.37461582380647,0.06267082933466149,Up
2017-06-17 00:00:00,2655.88,1534510000,-7072.366778205071,-564.3175643692741,0.07964566568947617,Down
2017-06-18 00:00:00,2548.29,1178660000,5615.0099471770545,403.18602067524034,0.05489671794678667,Up
2017-06-19 00:00:00,2589.6,1446840000,2871.200140572867,-159.1585818919342,0.044652279494552714,Up
2017-06-20 00:00:00,2721.79,1854190000,-5201.290099637167,-503.7317752753476,0.06700601251900606,Down
2017-06-21 00:00:00,2689.1,1626580000,4857.091658453583,75.03423229240072,0.04119316609028472,Up
2017-06-22 00:00:00,2705.41,1097940000,-5495.207667731627,-53.436788144315194,0.03024120875649831,Up
2017-06-23 00:00:00,2744.91,961319000,-3108.8435374149126,-138.7708968951063,0.02171873499449651,Down
2017-06-24 00:00:00,2608.72,982750000,7078.111587982863,473.9786453997056,0.06381183997195565,Down
2017-06-25 00:00:00,2589.41,1161100000,4269.248501613667,68.42458529101599,0.0499146610413272,Down
2017-06-26 00:00:00,2478.45,1663280000,1449.614998326094,432.8005033641258,0.09224224784506885,Up
2017-06-27 00:00:00,2552.45,1489790000,-10000.0,-298.5737053400311,0.08854727753232869,Up
2017-06-28 00:00:00,2574.79,1183870000,-5117.096018735352,-85.23205759430857,0.04683062870393217,Down
2017-06-29 00:00:00,2539.32,949979000,2638.162093171621,109.98769259530364,0.03051535309788278,Down
2017-06-30 00:00:00,2480.84,860273000,9403.61296708728,229.99007577070165,0.03182842110237716,Down
2017-07-01 00:00:00,2434.55,779914000,6809.6626405663965,232.88935248334963,0.03853004894487682,Up
2017-07-02 00:00:00,2506.47,803747000,-8692.230408573276,-287.5964537842707,0.04902314890822527,Up
2017-07-03 00:00:00,2564.06,964112000,-4597.048808172532,-262.15099897540983,0.045838402920082046,Up
2017-07-04 00:00:00,2601.64,985516000,-1708.1949058692758,-158.6880124951186,0.02820773135493957,Up
2017-07-05 00:00:00,2601.99,941566000,-5086.801426872691,3.3808834094676614,0.03231048803820395,Up
2017-07-06 00:00:00,2608.56,761957000,-5341.13616899805,-1.7637360530655897,0.013431233464974405,Down
2017-07-07 00:00:00,2518.66,917412000,9051.45349533875,344.7456288646368,0.15995997837912435,Up
2017-07-08 00:00:00,2571.34,733330000,-10000.0,-202.63701904954692,0.031357751352037756,Down
2017-07-09 00:00:00,2518.44,527856000,9855.81000848178,210.56436848181445,0.045828944146217125,Down
2017-07-10 00:00:00,2372.56,1111200000,5238.624265148368,604.6530046530048,0.08554796554796544,Down
2017-07-11 00:00:00,2337.79,1329760000,2974.4556831818845,201.60191794257034,0.04889579989018767,Up
2017-07-12 00:00:00,2398.84,1117410000,-6652.0831931076455,-283.2255215902132,0.06368823330204014,Down
2017-07-13 00:00:00,2357.9,835770000,5954.496978314921,186.45690265118296,0.03512298664002991,Down
2017-07-14 00:00:00,2233.34,882503000,4432.039104593646,539.060150216683,0.07626483209706056,Down
2017-07-15 00:00:00,1998.86,993608000,9297.968678602598,1036.9845568848314,0.10794486395350913,Down
2017-07-16 00:00:00,1929.82,1182870000,1954.2041346064743,312.05132581652464,0.10830430024397836,Up
2017-07-17 00:00:00,2228.41,1201760000,-9860.341759828118,-1530.5129823762559,0.15412755740911296,Up
2017-07-18 00:00:00,2318.88,1512450000,-3831.4485729671533,-382.17701207063345,0.09977076542856127,Down
2017-07-19 00:00:00,2273.43,1245100000,8072.148386154548,213.72488248359977,0.05894760404290858,Up
2017-07-20 00:00:00,2817.6,2249260000,-7365.292243306228,-2412.936309689016,0.2779033345228183,Down
2017-07-21 00:00:00,2667.76,1489450000,5760.066494274074,601.2168784636456,0.07629623627312472,Up
2017-07-22 00:00:00,2810.12,1177130000,-4890.332665722224,-530.1971423539411,0.07670977243004838,Down
2017-07-23 00:00:00,2730.4,1072840000,1420.5565529622843,276.6995477369033,0.0634735230226843,Up
2017-07-24 00:00:00,2754.86,866474000,-4261.560138337378,-81.09196033227325,0.028568814725363257,Down
2017-07-25 00:00:00,2576.48,1460090000,3346.3360267483977,656.4641885766091,0.10412330009066179,Down
2017-07-26 00:00:00,2529.45,937404000,166.29157289327122,187.4488414404705,0.06205363550665887,Up
2017-07-27 00:00:00,2671.78,789104000,-7372.85034760337,-524.1638469931586,0.06459185964525291,Up
2017-07-28 00:00:00,2809.01,1380100000,-1875.8037846775965,-482.43666339519353,0.08124699130136237,Down
2017-07-29 00:00:00,2726.45,803746000,4196.274577440562,287.03037384842344,0.04131071385312539,Up
2017-07-30 00:00:00,2757.18,705943000,-9762.49120337784,-120.35721757898085,0.041726771864527584,Up
2017-07-31 00:00:00,2875.34,860575000,-8310.15916217978,-405.6831835092152,0.0611637063736772,Down
2017-08-01 00:00:00,2718.26,1324670000,7229.999151607693,532.9989900045274,0.08210218367986619,Down
2017-08-02 00:00:00,2710.67,1094950000,1041.0900574835202,60.35649198974759,0.03444646936523013,Up
2017-08-03 00:00:00,2804.73,804797000,-8661.153155964746,-351.2378393539913,0.04730288312493544,Up
2017-08-04 00:00:00,2895.89,1002120000,-9557.869031553235,-316.9298842507652,0.0554377914661214,Up
2017-08-05 00:00:00,3252.91,1945700000,-8212.823353726078,-1226.1054724033079,0.14328261372224896,Down
2017-08-06 00:00:00,3213.94,1105030000,1525.8914953881742,134.05533504624577,0.042267183610069974,Up
2017-08-07 00:00:00,3378.94,1482280000,-8271.137967618453,-517.1844944253882,0.06747738718493017,Up
2017-08-08 00:00:00,3419.94,1752760000,-661.7752841317993,-147.52746111529888,0.041249532671457645,Down
2017-08-09 00:00:00,3342.47,1468960000,-828.7166600033869,227.83884925739764,0.05118991930768335,Up
2017-08-10 00:00:00,3381.28,1515110000,773.2497387669213,-118.01881598161508,0.0400916860172839,Up
2017-08-11 00:00:00,3650.62,2021190000,-8107.9323797139195,-820.4349965321201,0.09117261738919086,Up
2017-08-12 00:00:00,3884.71,2219590000,-6120.992207483196,-641.2043948578736,0.09209917192375021,Up
2017-08-13 00:00:00,4073.26,3159090000,-2291.280413018052,-497.98455686023925,0.09035731590395979,Up
2017-08-14 00:00:00,4325.13,2463090000,-10000.0,-637.047785347139,0.08262708738102857,Down
2017-08-15 00:00:00,4181.93,3258050000,-31.102784699621466,335.24459266141014,0.12706061257363674,Up
2017-08-16 00:00:00,4376.63,2272040000,-9762.157131408212,-419.7041191903512,0.09209016412957034,Down
2017-08-17 00:00:00,4331.69,2553360000,2698.452217934384,120.31183001706033,0.05496483017215421,Down
2017-08-18 00:00:00,4160.62,2941710000,1812.364333436709,378.60112757091315,0.08203101513757013,Up
2017-08-19 00:00:00,4193.7,2975820000,-6365.369806754399,-135.21841580569105,0.0659078001329225,Down
2017-08-20 00:00:00,4087.66,2109770000,7186.931413654021,242.64138963218417,0.03017442013123876,Down
2017-08-21 00:00:00,4001.74,2800890000,7819.810851169764,216.94275488451294,0.029468424243609653,Up
2017-08-22 00:00:00,4100.52,3764240000,-8756.440177903045,-255.53040629259704,0.11359185664086444,Up
2017-08-23 00:00:00,4151.52,2369820000,1756.215820037139,-152.87318935390283,0.043377247793475654,Up
2017-08-24 00:00:00,4334.68,2037750000,-6610.73416487222,-476.3147718484143,0.05948617556071154,Up
2017-08-25 00:00:00,4371.6,1727970000,1338.0519042803862,-89.50291034476544,0.034238671350298296,Down
2017-08-26 00:00:00,4352.4,1511610000,-5102.040816326479,44.96736092368531,0.025104870472957667,Up
2017-08-27 00:00:00,4382.88,1537460000,-3210.4733131923513,-86.94851671998283,0.02285332903730643,Down
2017-08-28 00:00:00,4382.66,1959330000,-7627.307713759781,4.082610133540042,0.04089224418114016,Up
2017-08-29 00:00:00,4579.02,2486080000,-6588.557850484384,-432.4468412311108,0.062323288245492964,Down
2017-08-30 00:00:00,4565.3,1937850000,-2106.2471794210524,11.071337925238911,0.033938245564900923,Up
2017-08-31 00:00:00,4703.39,1944930000,-6500.401821591239,-324.4365713332415,0.04097164143393074,Up
2017-09-01 00:00:00,4892.01,2599080000,-10000.0,-404.63571088273324,0.045404274144150374,Down
2017-09-02 00:00:00,4578.77,2722140000,5669.039145907448,658.2786212975008,0.10319458442655398,Up
2017-09-03 00:00:00,4582.96,1933190000,-1155.1822995716554,5.037871270394982,0.06466140489000642,Down
2017-09-04 00:00:00,4236.31,2987330000,4706.040601783803,773.8428401243125,0.10524149376147478,Up
2017-09-05 00:00:00,4376.53,2697970000,-7611.9889232773885,-350.5909008133307,0.10163210186623907,Up
2017-09-06 00:00:00,4597.12,2172100000,-8327.100473697323,-503.8854450611086,0.054988015783977905,Up
2017-09-07 00:00:00,4599.88,1844620000,-3261.2546576263103,-23.403077700832355,0.03567335056241475,Down
2017-09-08 00:00:00,4228.75,2700890000,4757.092622307188,817.3657375639497,0.12720947806373725,Down
2017-09-09 00:00:00,4226.06,1386230000,-1499.1525858970479,8.865646447476363,0.04603280052768328,Down
2017-09-10 00:00:00,4122.94,1679090000,-1677.9891304347727,251.57589600268727,0.06960896972104386,Up
2017-09-11 00:00:00,4161.27,1557330000,2374.4376656189515,-94.11833197088198,0.039362324043595326,Down
2017-09-12 00:00:00,4130.81,1864530000,6485.371776587085,91.31949108633424,0.06223014334785358,Down
2017-09-13 00:00:00,3882.59,2219410000,4581.6523416944265,603.5605206220733,0.08278355655158048,Down
2017-09-14 00:00:00,3154.95,2716310000,9971.567936979947,1858.9708853606237,0.19784949566105942,Up
2017-09-15 00:00:00,3637.52,4148070000,-7561.607971226317,-1488.2354798976717,0.2485014054258914,Down
2017-09-16 00:00:00,3625.04,1818400000,1449.9299174583457,34.93917943783943,0.08825510274207964,Down
2017-09-17 00:00:00,3582.88,1239150000,-2523.6118081854443,64.88680856727733,0.060774537750812485,Up
2017-09-18 00:00:00,4065.2,1943210000,-9425.16491170565,-1320.2398157662426,0.13593087335600051,Down
2017-09-19 00:00:00,3924.97,1563980000,5017.761989342822,365.3109266800698,0.05528021817521283,Down
2017-09-20 00:00:00,3905.95,1213830000,4446.619831855367,26.58080462470332,0.04434219530380247,Down
2017-09-21 00:00:00,3631.04,1411480000,8850.028072261313,693.1489925592145,0.07760920883666925,Down
2017-09-22 00:00:00,3630.7,1194830000,2461.658689069093,-7.3869493552952745,0.05643298548519572,Up
2017-09-23 00:00:00,3792.4,928114000,-7612.963540043634,-447.61317053819374,0.061882906510336344,Down
2017-09-24 00:00:00,3682.84,768015000,7533.462282398445,298.48662460650905,0.034047653543721926,Up
2017-09-25 00:00:00,3926.07,1374210000,-8200.02233222914,-664.0898744560767,0.0729768197350051,Down
2017-09-26 00:00:00,3892.35,1043740000,5509.550955095537,91.79286276126969,0.02545304588879465,Up
2017-09-27 00:00:00,4200.67,1686880000,-9423.177443655253,-790.4822576253423,0.0835435429264258,Down
2017-09-28 00:00:00,4174.73,1712320000,2331.820057779668,53.369802698511954,0.04041094748077867,Down
2017-09-29 00:00:00,4163.07,1367050000,-4118.854796395533,20.495634789362843,0.04203163279493342,Up
2017-09-30 00:00:00,4338.71,1207450000,-8003.745507921224,-414.29534985874204,0.047423135730933805,Up
2017-10-01 00:00:00,4403.74,1208210000,-10000.0,-144.41206620517985,0.030851982815217373,Up
2017-10-02 00:00:00,4409.32,1431730000,3131.400237145665,-30.733812425922203,0.02110418785161313,Down
2017-10-03 00:00:00,4317.48,1288020000,3249.22226062919,206.37592265779995,0.03937429397113729,Down
2017-10-04 00:00:00,4229.36,1116770000,7330.326309112756,208.3868712335369,0.032849697988364124,Up
2017-10-05 00:00:00,4328.41,1161770000,-6552.696510398264,-232.93805025201598,0.0469493224394073,Up
2017-10-06 00:00:00,4370.81,1069940000,-843.2175975847056,-107.1810121957432,0.021445452148938986,Up
2017-10-07 00:00:00,4426.89,906928000,-7233.574859562031,-131.6900683167976,0.028111732866444646,Up
2017-10-08 00:00:00,4610.48,1313870000,-8749.656750572012,-408.1793903383311,0.049326473529630877,Up
2017-10-09 00:00:00,4772.02,1968740000,-3214.399287667774,-341.3139394779955,0.06814576597349237,Up
2017-10-10 00:00:00,4781.99,1597140000,7849.366524479602,-12.101645446912395,0.032885907445443084,Up
2017-10-11 00:00:00,4826.48,1222280000,-2260.4422604422257,-77.73659758834799,0.02549459727514735,Up
2017-10-12 00:00:00,5446.91,2791610000,-10000.0,-1278.2270922109167,0.12939220387694164,Up
2017-10-13 00:00:00,5647.21,3615480000,-428.0579997521261,-335.0011712687773,0.07383568563146024,Up
2017-10-14 00:00:00,5831.79,1669030000,-9519.629358693013,-333.58553954705695,0.04360037068997587,Down
2017-10-15 00:00:00,5678.19,1976040000,-676.4383341803293,270.341126395658,0.06406315327726714,Up
2017-10-16 00:00:00,5725.59,2008070000,-5634.859063873845,-66.84752890953507,0.040794223191978216,Down
2017-10-17 00:00:00,5605.51,1821570000,1893.9047095809335,236.9905148060285,0.057062690060924015,Down
2017-10-18 00:00:00,5590.69,2399270000,-9419.514567399085,23.430445660281933,0.08072707545924032,Up
2017-10-19 00:00:00,5708.52,1780540000,-6640.255051807404,-223.47029052212434,0.03819841181716913,Up
2017-10-20 00:00:00,6011.45,2354430000,-7751.801885048982,-531.4193314424567,0.07583595971346034,Up
2017-10-21 00:00:00,6031.6,2207100000,4209.999564857881,-58.04772219804329,0.03832216902709623,Down
2017-10-22 00:00:00,6008.42,2034630000,-5221.189067342904,46.780835760171655,0.04703263062686984,Down
2017-10-23 00:00:00,5930.32,2401840000,-1532.4084868267385,126.0073260073265,0.05712953712953711,Down
2017-10-24 00:00:00,5526.64,2735700000,8958.594148467564,688.8697199234441,0.07267097069843925,Up
2017-10-25 00:00:00,5750.8,1966990000,-9801.935755365423,-409.44140752271625,0.06452050827209206,Up
2017-10-26 00:00:00,5904.83,1905040000,-4368.103920494539,-272.9320888316706,0.0444645482302386,Down
2017-10-27 00:00:00,5780.9,1710130000,5987.20961590324,201.43260550464962,0.0439968540986553,Down
2017-10-28 00:00:00,5753.09,1403920000,3185.0903855382785,60.00532152001888,0.032400800301322544,Up
2017-10-29 00:00:00,6153.85,2859040000,-6164.404194829905,-694.0901286658662,0.09229916377614505,Down
2017-10-30 00:00:00,6130.53,1772150000,-299.75881474671894,-25.642493274568274,0.028478212875213522,Up
2017-10-31 00:00:00,6468.4,2311380000,-9889.403432307237,-548.5631162324962,0.059866080019308536,Up
2017-11-01 00:00:00,6767.31,2870320000,-10000.0,-506.66281631493416,0.06046139013223168,Up
2017-11-02 00:00:00,7078.5,4653770000,-508.53584397232754,-443.70050916451805,0.08979502107625364,Up
2017-11-03 00:00:00,7207.76,3369860000,1062.72499181846,-169.63596626751558,0.06466992026841514,Up
2017-11-04 00:00:00,7379.95,2483800000,-5107.673642705495,-300.7475769351024,0.06442616910089775,Up
2017-11-05 00:00:00,7407.41,2380410000,4778.571177318915,-3.9030213977400527,0.038394116026427096,Down
2017-11-06 00:00:00,7022.76,3111900000,9295.26068512522,513.9115141789654,0.059225580220498654,Up
2017-11-07 00:00:00,7144.38,2326340000,-536.0090348362512,-172.68727485013704,0.03278039612137081,Up
2017-11-08 00:00:00,7459.69,4602200000,-436.8961352656808,-445.72617617323186,0.09275518177159031,Down
2017-11-09 00:00:00,7143.58,3226250000,7563.928064637597,407.22025345012577,0.0463700661892375,Down
2017-11-10 00:00:00,6618.14,5208250000,5857.301200964418,774.4785488163052,0.12199093079890101,Down
2017-11-11 00:00:00,6357.6,4908680000,5414.16889659605,394.35772767998014,0.10106804903144306,Down
2017-11-12 00:00:00,5950.07,8957350000,2205.3451954721436,548.6184466559184,0.17568879111104052,Up
2017-11-13 00:00:00,6559.49,6263250000,-4793.6704933291985,-1046.1667999831595,0.1628257483265271,Up
2017-11-14 00:00:00,6635.75,3197110000,-1476.437027998565,-113.19092643732884,0.04621365911349262,Up
2017-11-15 00:00:00,7315.54,4200880000,-9244.936324188326,-1026.0808228180065,0.10663384960420569,Up
2017-11-16 00:00:00,7871.69,5123810000,-7579.919069296902,-748.9171459627157,0.10798499025021714,Down
2017-11-17 00:00:00,7708.99,4651670000,3330.3269447576267,184.09462193626584,0.05647113350998336,Up
2017-11-18 00:00:00,7790.15,3667190000,-5500.415134622223,-120.74504918015697,0.05476659724757414,Up
2017-11-19 00:00:00,8036.49,3149320000,-6791.64316716117,-348.2603080338346,0.052512029956103635,Up
2017-11-20 00:00:00,8200.64,3488450000,-2969.2903225806012,-200.98095924030977,0.04820209302817377,Down
2017-11-21 00:00:00,8071.26,4277610000,-531.6153255397315,163.88528030378683,0.07140733194081214,Up
2017-11-22 00:00:00,8253.55,3633530000,-5704.3961373957445,-217.38188525554065,0.028075192344592374,Down
2017-11-23 00:00:00,8038.77,4225180000,10000.0,235.18107764704592,0.027772041621013512,Up
2017-11-24 00:00:00,8253.69,5058610000,-4438.519954758467,-222.52855454903514,0.05365728596163987,Up
2017-11-25 00:00:00,8790.92,4342060000,-10000.0,-666.3787005366617,0.07277251929514633,Up
2017-11-26 00:00:00,9330.55,5475580000,-4851.607032943481,-616.1196217106742,0.0850309021235539,Up
2017-11-27 00:00:00,9818.35,5653320000,-10000.0,-497.85516940526503,0.049785516940526506,Up
2017-11-28 00:00:00,10058.8,6348820000,-6563.944530046163,-239.6006282937823,0.039639922104601086,Down
2017-11-29 00:00:00,9888.61,11568800000,6998.70066845129,187.33998848909349,0.19016512195606,Up
2017-11-30 00:00:00,10233.6,8310690000,-2902.842490384322,-329.88485674976397,0.16139940384322274,Up
2017-12-01 00:00:00,10975.6,6783120000,-8948.263747642464,-761.8692761751612,0.13257211774165092,Up
2017-12-02 00:00:00,11074.6,5138500000,1833.293182365703,-87.7184992211919,0.0378109543371925,Up
2017-12-03 00:00:00,11323.2,6608310000,745.4600180595894,-217.00488148194933,0.08993295857507654,Up
2017-12-04 00:00:00,11657.2,6132410000,-10000.0,-302.0662106509722,0.05085105254785527,Up
2017-12-05 00:00:00,11916.7,6895260000,-4604.585868039337,-197.67750327323137,0.03657461683938486,Up
2017-12-06 00:00:00,14291.5,12656300000,-9365.416854070407,-1986.0945703406749,0.20511766777932475,Up
2017-12-07 00:00:00,17899.7,17950700000,-10000.0,-2547.0170544157127,0.2693378008004992,Down
2017-12-08 00:00:00,16569.4,21136000000,-1116.643844142915,692.8646456476191,0.22560931084261562,Down
2017-12-09 00:00:00,15178.2,13911300000,326.56606930278275,814.0625661944034,0.18810407122063996,Up
2017-12-10 00:00:00,15455.4,13433300000,-6987.804878048775,-189.209145328446,0.17299121858600774,Up
2017-12-11 00:00:00,16936.8,12153900000,-4527.52358826038,-978.3890999131413,0.1367113058584079,Up
2017-12-12 00:00:00,17415.4,14603800000,-3944.80251198153,-292.91126372652286,0.07152566815210586,Down
2017-12-13 00:00:00,16408.2,12976900000,5432.0069418619,623.8857142857138,0.09219428571428559,Up
2017-12-14 00:00:00,16564.0,13777400000,1596.8440937881878,-109.49306055686527,0.05492352574978942,Up
2017-12-15 00:00:00,17706.9,14310000000,-4240.082431736253,-665.971941956354,0.09353484365682202,Up
2017-12-16 00:00:00,19497.4,12740600000,-8007.631507222684,-978.0803252197329,0.1239506089424166,Down
2017-12-17 00:00:00,19140.8,13314600000,7009.597273298045,172.0083385534869,0.057245401986054566,Down
2017-12-18 00:00:00,19114.2,14839500000,-4940.399960595022,-4.082401708327718,0.053128794540049325,Down
2017-12-19 00:00:00,17776.7,16894500000,4729.8149705635,701.736033015487,0.09950675530774168,Down
2017-12-20 00:00:00,16624.6,22149700000,4109.854604200347,639.4599190328996,0.10455904461073293,Down
2017-12-21 00:00:00,15802.9,16516600000,5863.3707865168635,504.43445656876514,0.1336946594241215,Down
2017-12-22 00:00:00,13831.8,22198000000,274.42584663293303,1299.6603346332877,0.258548245062272,Up
2017-12-23 00:00:00,14699.2,13086000000,189.35978358880945,-538.0429717464709,0.1272089872174469,Down
2017-12-24 00:00:00,13925.8,11572300000,-2544.321993291796,467.1348968387628,0.12857846962664798,Up
2017-12-25 00:00:00,14026.6,10664700000,-98.76759024561754,-21.93499524860904,0.08174536828642677,Up
2017-12-26 00:00:00,16099.8,13454300000,-7028.3270978086475,-1469.8716213328005,0.17328270378866684,Down
2017-12-27 00:00:00,15838.5,12487600000,2026.8633711328876,201.07031274167107,0.11238902465431387,Down
2017-12-28 00:00:00,14606.5,12336500000,3140.2798421403254,792.7332782824114,0.12298838257449211,Up
2017-12-29 00:00:00,14656.2,13025500000,2814.814814814799,26.946474502918214,0.06614134650716531,Down
2017-12-30 00:00:00,12952.2,14452600000,4835.749206621489,1178.1172736498675,0.1588214059488213,Up
